-- phpMyAdmin SQL Dump
-- version 4.5.1
-- http://www.phpmyadmin.net
--
-- Host: 127.0.0.1
-- Generation Time: February 23, 2019 at 05:02 PM
-- Server version: 10.1.13-MariaDB
-- PHP Version: 5.6.20

SET SQL_MODE = "NO_AUTO_VALUE_ON_ZERO";
SET time_zone = "+00:00";


/*!40101 SET @OLD_CHARACTER_SET_CLIENT=@@CHARACTER_SET_CLIENT */;
/*!40101 SET @OLD_CHARACTER_SET_RESULTS=@@CHARACTER_SET_RESULTS */;
/*!40101 SET @OLD_COLLATION_CONNECTION=@@COLLATION_CONNECTION */;
/*!40101 SET NAMES utf8mb4 */;

--
-- Database: `websmartphone`
--

-- --------------------------------------------------------

--
-- Table structure for table `admin`
--

CREATE TABLE `admin` (
  `id_admin` int(100) NOT NULL,
  `taikhoan` varchar(100) COLLATE utf8_unicode_ci NOT NULL,
  `matkhau` varchar(100) COLLATE utf8_unicode_ci NOT NULL
) ENGINE=InnoDB DEFAULT CHARSET=utf8 COLLATE=utf8_unicode_ci;

--
-- Dumping data for table `admin`
--

INSERT INTO `admin` (`id_admin`, `taikhoan`, `matkhau`) VALUES
(1, 'admin', 'admin');

-- --------------------------------------------------------

--
-- Table structure for table `binhluan`
--

CREATE TABLE `binhluan` (
  `id_binhluan` int(10) NOT NULL,
  `id_sp` int(11) NOT NULL,
  `id_khachhang` int(100) NOT NULL,
  `noidung` varchar(200) COLLATE utf8_unicode_ci NOT NULL,
  `ngaybinhluan` date NOT NULL
) ENGINE=InnoDB DEFAULT CHARSET=utf8 COLLATE=utf8_unicode_ci;

-- --------------------------------------------------------

--
-- Table structure for table `chitiethoadonban`
--

CREATE TABLE `chitiethoadonban` (
  `id_hdb` int(100) NOT NULL,
  `id_sp` int(100) NOT NULL,
  `soluong` int(100) NOT NULL,
  `thanhtien` int(100) NOT NULL
) ENGINE=InnoDB DEFAULT CHARSET=utf8 COLLATE=utf8_unicode_ci;

--
-- Dumping data for table `chitiethoadonban`
--

INSERT INTO `chitiethoadonban` (`id_hdb`, `id_sp`, `soluong`, `thanhtien`) VALUES
(10, 3, 3, 74970000),
(10, 2, 1, 25190000),
(10, 7, 1, 25190000),
(11, 3, 4, 99960000),
(12, 3, 4, 99960000),
(13, 3, 4, 99960000),
(14, 3, 4, 99960000),
(32, 23, 1, 15490000),
(33, 23, 1, 15490000),
(34, 24, 1, 15490000),
(35, 24, 1, 15490000),
(36, 2, 1, 25190000),
(38, 11, 1, 21690000),
(39, 21, 4, 25960000),
(39, 20, 1, 8990000),
(40, 21, 1, 6490000),
(40, 22, 1, 15490000),
(41, 21, 1, 6490000),
(41, 19, 1, 9990000),
(41, 3, 1, 24990000),
(41, 25, 1, 10690000),
(42, 72, 2, 2780000),
(42, 74, 1, 950000),
(43, 62, 1, 2890),
(43, 74, 1, 950000),
(44, 44, 1, 3390000),
(44, 60, 1, 3190000),
(45, 9, 3, 66870000),
(46, 27, 1, 6990000),
(46, 78, 1, 3990000),
(46, 74, 1, 950000),
(46, 24, 1, 15490000),
(46, 49, 1, 2490000),
(47, 76, 1, 16990000),
(47, 51, 1, 14990000);

-- --------------------------------------------------------

--
-- Table structure for table `hoadonban`
--

CREATE TABLE `hoadonban` (
  `id_hdb` int(100) NOT NULL,
  `ngayban` date NOT NULL,
  `id_khachhang` int(100) NOT NULL,
  `tongtien` int(100) NOT NULL,
  `trangthai` varchar(100) COLLATE utf8_unicode_ci NOT NULL
) ENGINE=InnoDB DEFAULT CHARSET=utf8 COLLATE=utf8_unicode_ci;

--
-- Dumping data for table `hoadonban`
--

INSERT INTO `hoadonban` (`id_hdb`, `ngayban`, `id_khachhang`, `tongtien`, `trangthai`) VALUES
(10, '2019-02-18', 1, 150540000, 'Đã thanh toán'),
(11, '2019-02-29', 1, 199920000, 'Đã thanh toán'),
(12, '2019-03-02', 1, 199920000, 'Chưa thanh toán'),
(13, '2019-03-02', 1, 199920000, 'Chưa thanh toán'),
(14, '2019-03-02', 1, 199920000, 'Đã thanh toán'),
(32, '2019-03-02', 1, 15490000, 'Chưa thanh toán'),
(33, '2019-03-03', 1, 15490000, 'Chưa thanh toán'),
(34, '2019-03-03', 1, 15490000, 'Đã thanh toán'),
(35, '2019-03-03', 1, 15490000, 'Đã thanh toán'),
(36, '2019-03-04', 1, 25190000, 'Chưa thanh toán'),
(38, '2019-03-04', 3, 21690000, 'Chưa thanh toán'),
(39, '2019-03-04', 1, 43940000, 'Đã thanh toán'),
(40, '2019-03-04', 1, 28470000, 'Chưa thanh toán'),
(41, '2019-03-05', 6, 87140000, 'Chưa thanh toán'),
(42, '2019-03-05', 6, 3730000, 'Chưa thanh toán'),
(43, '2019-03-05', 1, 1902890, 'Chưa thanh toán'),
(44, '2019-03-06', 5, 9770000, 'Chưa thanh toán'),
(45, '2019-03-06', 3, 133740000, 'Đã thanh toán'),
(46, '2019-03-06', 8, 32400000, 'Đã thanh toán'),
(47, '2019-03-06', 7, 48970000, 'Chưa thanh toán');

-- --------------------------------------------------------

--
-- Table structure for table `khachhang`
--

CREATE TABLE `khachhang` (
  `id_khachhang` int(100) NOT NULL,
  `tenkhach` varchar(200) COLLATE utf8_unicode_ci NOT NULL,
  `matkhau` varchar(100) COLLATE utf8_unicode_ci NOT NULL,
  `email` varchar(100) COLLATE utf8_unicode_ci NOT NULL,
  `diachi` varchar(200) COLLATE utf8_unicode_ci NOT NULL,
  `dienthoai` int(15) NOT NULL
) ENGINE=InnoDB DEFAULT CHARSET=utf8 COLLATE=utf8_unicode_ci;

--
-- Dumping data for table `khachhang`
--

INSERT INTO `khachhang` (`id_khachhang`, `tenkhach`, `matkhau`, `email`, `diachi`, `dienthoai`) VALUES
(1, 'quyet', '12345', 'quyet95tb@gmail.com', 'thai binh', 12345678),
(3, 'binh', '12345', 'binh@gmail.com', 'ninh binh', 123456789),
(4, 'ha', '12345', 'ha@gmail.com', 'hai duong', 1666796001),
(5, 'duong', '12345', 'duong@gmail.com', 'thai binh', 1696969696),
(6, 'trung', '12345', 'trung@gmail.com', 'nam dinh', 1696969696),
(7, 'an', '12345', 'vuan@gmail.com', 'Vinh Phuc', 1696969696),
(8, 'lan', '12345', 'lan@gmail.com', 'ha noi', 1696969696),
(9, 'tu', '12345', 'tu@gmail.com', 'ha nam', 1696969696),
(10, 'hoa', '12345', 'hoa@gmail.com', 'ha noi', 1696969696);

-- --------------------------------------------------------

--
-- Table structure for table `loaisp`
--

CREATE TABLE `loaisp` (
  `id_loaisp` int(11) NOT NULL,
  `tenloaisp` varchar(100) COLLATE utf8_unicode_ci NOT NULL,
  `thutu` int(100) NOT NULL
) ENGINE=InnoDB DEFAULT CHARSET=utf8 COLLATE=utf8_unicode_ci;

--
-- Dumping data for table `loaisp`
--

INSERT INTO `loaisp` (`id_loaisp`, `tenloaisp`, `thutu`) VALUES
(1, 'Iphone', 1),
(3, 'LG', 3),
(6, 'HTC', 5),
(11, 'Samsung', 4),
(12, 'Sony', 2),
(13, 'Oppo', 6),
(14, 'Nokia', 7),
(15, 'Xiaomi', 8);

-- --------------------------------------------------------

--
-- Table structure for table `sp`
--

CREATE TABLE `sp` (
  `id_sp` int(11) NOT NULL,
  `tensp` varchar(255) COLLATE utf8_unicode_ci NOT NULL,
  `hinhanh` varchar(255) COLLATE utf8_unicode_ci NOT NULL,
  `gia` int(100) NOT NULL,
  `mota` longtext COLLATE utf8_unicode_ci NOT NULL,
  `id_loaisp` int(11) NOT NULL,
  `thutu` int(100) NOT NULL,
  `soluong` int(100) NOT NULL,
  `baohanh` varchar(200) COLLATE utf8_unicode_ci NOT NULL
) ENGINE=InnoDB DEFAULT CHARSET=utf8 COLLATE=utf8_unicode_ci;

--
-- Dumping data for table `sp`
--

INSERT INTO `sp` (`id_sp`, `tensp`, `hinhanh`, `gia`, `mota`, `id_loaisp`, `thutu`, `soluong`, `baohanh`) VALUES
(2, 'Điện thoại iPhone 7 Plus Red 128GB', 'uploads/20170420110325iphone-7-plus-red-128gb-400x460.png', 25190000, '<ul class="parameter">\r\n<li class="g6459_79_77"><span>M&agrave;n h&igrave;nh:</span>\r\n<div><a href="https://www.thegioididong.com/hoi-dap/man-hinh-led-backlit-ips-lcd-la-gi-905757" target="_blank">LED-backlit IPS LCD</a>, 5.5",&nbsp;<a href="https://www.thegioididong.com/hoi-dap/man-hinh-retina-la-gi-905780" target="_blank">Retina HD</a></div>\r\n</li>\r\n<li class="g72"><span>Hệ điều h&agrave;nh:</span>\r\n<div><a href="https://www.thegioididong.com/tin-tuc/ios-10-chinh-thuc-ra-mat-voi-hang-loat-tinh-nang-moi-841598" target="_blank">iOS 10</a></div>\r\n</li>\r\n<li class="g27"><span>Camera sau:</span>\r\n<div>Hai camera 12 MP</div>\r\n</li>\r\n<li class="g29"><span>Camera trước:</span>\r\n<div>7 MP</div>\r\n</li>\r\n<li class="g6059"><span>CPU:</span>\r\n<div><a href="https://www.thegioididong.com/hoi-dap/tong-quan-ve-chip-a10-fusion-cua-apple-885052" target="_blank">Apple A10 Fusion 4 nh&acirc;n 64-bit</a></div>\r\n</li>\r\n<li class="g50"><span>RAM:</span>\r\n<div>3 GB</div>\r\n</li>\r\n<li class="g49"><span>Bộ nhớ trong:</span>\r\n<div>128 GB</div>\r\n</li>\r\n<li class="g52"><span>Thẻ nhớ:</span>\r\n<div>Kh&ocirc;ng</div>\r\n</li>\r\n<li class="g6339"><span>Thẻ SIM:</span>\r\n<div><a href="https://www.thegioididong.com/tin-tuc/tim-hieu-cac-loai-sim-thong-dung-sim-thuong-micro--590216#nanosim" target="_blank">1 Nano SIM</a></div>\r\n</li>\r\n<li class="g84"><span>Dung lượng pin:</span>\r\n<div>2900 mAh</div>\r\n</li>\r\n</ul>', 1, 1, 9, '12 tháng'),
(3, 'Điện thoại iPhone 7 Plus Black 256GB', 'uploads/20170421113934iphone-7-plus-black-256gb-2-400x460.png', 24990000, '<ul class="parameter">\r\n<li class="g6459_79_77"><span>M&agrave;n h&igrave;nh:</span>\r\n<div><a href="https://www.thegioididong.com/hoi-dap/man-hinh-led-backlit-ips-lcd-la-gi-905757" target="_blank">LED-backlit IPS LCD</a>, 5.5",&nbsp;<a href="https://www.thegioididong.com/hoi-dap/man-hinh-retina-la-gi-905780" target="_blank">Retina HD</a></div>\r\n</li>\r\n<li class="g72"><span>Hệ điều h&agrave;nh:</span>\r\n<div><a href="https://www.thegioididong.com/tin-tuc/ios-10-chinh-thuc-ra-mat-voi-hang-loat-tinh-nang-moi-841598" target="_blank">iOS 10</a></div>\r\n</li>\r\n<li class="g27"><span>Camera sau:</span>\r\n<div>Hai camera 12 MP</div>\r\n</li>\r\n<li class="g29"><span>Camera trước:</span>\r\n<div>7 MP</div>\r\n</li>\r\n<li class="g6059"><span>CPU:</span>\r\n<div><a href="https://www.thegioididong.com/hoi-dap/tong-quan-ve-chip-a10-fusion-cua-apple-885052" target="_blank">Apple A10 Fusion 4 nh&acirc;n 64-bit</a></div>\r\n</li>\r\n<li class="g50"><span>RAM:</span>\r\n<div>3 GB</div>\r\n</li>\r\n<li class="g49"><span>Bộ nhớ trong:</span>\r\n<div>256 GB</div>\r\n</li>\r\n<li class="g52"><span>Thẻ nhớ:</span>\r\n<div>Kh&ocirc;ng</div>\r\n</li>\r\n<li class="g6339"><span>Thẻ SIM:</span>\r\n<div><a href="https://www.thegioididong.com/tin-tuc/tim-hieu-cac-loai-sim-thong-dung-sim-thuong-micro--590216#nanosim" target="_blank">1 Nano SIM</a></div>\r\n</li>\r\n<li class="g84"><span>Dung lượng pin:</span>\r\n<div>2900 mAh</div>\r\n</li>\r\n</ul>', 1, 2, 9, '12 tháng'),
(7, 'Điện thoại iPhone 7 Plus Pink 128GB', 'uploads/20170424084652iphone-7-plus-128gb-2-400x460.png', 25190000, '<ul class="parameter">\r\n<li class="g6459_79_77"><span>M&agrave;n h&igrave;nh:</span>\r\n<div><a href="https://www.thegioididong.com/hoi-dap/man-hinh-led-backlit-ips-lcd-la-gi-905757" target="_blank">LED-backlit IPS LCD</a>, 5.5",&nbsp;<a href="https://www.thegioididong.com/hoi-dap/man-hinh-retina-la-gi-905780" target="_blank">Retina HD</a></div>\r\n</li>\r\n<li class="g72"><span>Hệ điều h&agrave;nh:</span>\r\n<div><a href="https://www.thegioididong.com/tin-tuc/ios-10-chinh-thuc-ra-mat-voi-hang-loat-tinh-nang-moi-841598" target="_blank">iOS 10</a></div>\r\n</li>\r\n<li class="g27"><span>Camera sau:</span>\r\n<div>Hai camera 12 MP</div>\r\n</li>\r\n<li class="g29"><span>Camera trước:</span>\r\n<div>7 MP</div>\r\n</li>\r\n<li class="g6059"><span>CPU:</span>\r\n<div><a href="https://www.thegioididong.com/hoi-dap/tong-quan-ve-chip-a10-fusion-cua-apple-885052" target="_blank">Apple A10 Fusion 4 nh&acirc;n 64-bit</a></div>\r\n</li>\r\n<li class="g50"><span>RAM:</span>\r\n<div>3 GB</div>\r\n</li>\r\n<li class="g49"><span>Bộ nhớ trong:</span>\r\n<div>128 GB</div>\r\n</li>\r\n<li class="g52"><span>Thẻ nhớ:</span>\r\n<div>Kh&ocirc;ng</div>\r\n</li>\r\n<li class="g6339"><span>Thẻ SIM:</span>\r\n<div><a href="https://www.thegioididong.com/tin-tuc/tim-hieu-cac-loai-sim-thong-dung-sim-thuong-micro--590216#nanosim" target="_blank">1 Nano SIM</a></div>\r\n</li>\r\n<li class="g84"><span>Dung lượng pin:</span>\r\n<div>2900 mAh</div>\r\n</li>\r\n</ul>', 1, 3, 10, '12 tháng'),
(8, 'Điện thoại iPhone 7 Black 256GB', 'uploads/20170424084942iphone-7-256gb-5-400x460.png', 24590000, '<ul class="parameter">\r\n<li class="g6459_79_77"><span>M&agrave;n h&igrave;nh:</span>\r\n<div><a href="https://www.thegioididong.com/hoi-dap/man-hinh-led-backlit-ips-lcd-la-gi-905757" target="_blank">LED-backlit IPS LCD</a>, 4.7",&nbsp;<a href="https://www.thegioididong.com/hoi-dap/man-hinh-retina-la-gi-905780" target="_blank">Retina HD</a></div>\r\n</li>\r\n<li class="g72"><span>Hệ điều h&agrave;nh:</span>\r\n<div><a href="https://www.thegioididong.com/tin-tuc/ios-10-chinh-thuc-ra-mat-voi-hang-loat-tinh-nang-moi-841598" target="_blank">iOS 10</a></div>\r\n</li>\r\n<li class="g27"><span>Camera sau:</span>\r\n<div>12 MP</div>\r\n</li>\r\n<li class="g29"><span>Camera trước:</span>\r\n<div>7 MP</div>\r\n</li>\r\n<li class="g6059"><span>CPU:</span>\r\n<div><a href="https://www.thegioididong.com/hoi-dap/tong-quan-ve-chip-a10-fusion-cua-apple-885052" target="_blank">Apple A10 Fusion 4 nh&acirc;n 64-bit</a></div>\r\n</li>\r\n<li class="g50"><span>RAM:</span>\r\n<div>2 GB</div>\r\n</li>\r\n<li class="g49"><span>Bộ nhớ trong:</span>\r\n<div>256 GB</div>\r\n</li>\r\n<li class="g52"><span>Thẻ nhớ:</span>\r\n<div>Kh&ocirc;ng</div>\r\n</li>\r\n<li class="g6339"><span>Thẻ SIM:</span>\r\n<div><a href="https://www.thegioididong.com/tin-tuc/tim-hieu-cac-loai-sim-thong-dung-sim-thuong-micro--590216#nanosim" target="_blank">1 Nano SIM</a></div>\r\n</li>\r\n<li class="g84"><span>Dung lượng pin:</span>\r\n<div>1960 mAh</div>\r\n</li>\r\n</ul>', 1, 4, 10, '12 tháng'),
(9, 'Điện thoại iPhone 7 Plus White 32GB', 'uploads/20170424085143iphone-7-plus-2-400x460-400x460.png', 22290000, '<ul class="parameter">\r\n<li class="g6459_79_77"><span>M&agrave;n h&igrave;nh:</span>\r\n<div><a href="https://www.thegioididong.com/hoi-dap/man-hinh-led-backlit-ips-lcd-la-gi-905757" target="_blank">LED-backlit IPS LCD</a>, 5.5",&nbsp;<a href="https://www.thegioididong.com/hoi-dap/man-hinh-retina-la-gi-905780" target="_blank">Retina HD</a></div>\r\n</li>\r\n<li class="g72"><span>Hệ điều h&agrave;nh:</span>\r\n<div><a href="https://www.thegioididong.com/tin-tuc/ios-10-chinh-thuc-ra-mat-voi-hang-loat-tinh-nang-moi-841598" target="_blank">iOS 10</a></div>\r\n</li>\r\n<li class="g27"><span>Camera sau:</span>\r\n<div>Hai camera 12 MP</div>\r\n</li>\r\n<li class="g29"><span>Camera trước:</span>\r\n<div>7 MP</div>\r\n</li>\r\n<li class="g6059"><span>CPU:</span>\r\n<div><a href="https://www.thegioididong.com/hoi-dap/tong-quan-ve-chip-a10-fusion-cua-apple-885052" target="_blank">Apple A10 Fusion 4 nh&acirc;n 64-bit</a></div>\r\n</li>\r\n<li class="g50"><span>RAM:</span>\r\n<div>3 GB</div>\r\n</li>\r\n<li class="g49"><span>Bộ nhớ trong:</span>\r\n<div>32 GB</div>\r\n</li>\r\n<li class="g52"><span>Thẻ nhớ:</span>\r\n<div>Kh&ocirc;ng</div>\r\n</li>\r\n<li class="g6339"><span>Thẻ SIM:</span>\r\n<div><a href="https://www.thegioididong.com/tin-tuc/tim-hieu-cac-loai-sim-thong-dung-sim-thuong-micro--590216#nanosim" target="_blank">1 Nano SIM</a></div>\r\n</li>\r\n<li class="g84"><span>Dung lượng pin:</span>\r\n<div>2900 mAh</div>\r\n</li>\r\n</ul>', 1, 5, 7, '12 tháng'),
(10, 'Điện thoại iPhone 7 Pink 128GB', 'uploads/20170424085310iphone-7-128gb-4-400x460.png', 21690000, '<ul class="parameter">\r\n<li class="g6459_79_77"><span>M&agrave;n h&igrave;nh:</span>\r\n<div><a href="https://www.thegioididong.com/hoi-dap/man-hinh-led-backlit-ips-lcd-la-gi-905757" target="_blank">LED-backlit IPS LCD</a>, 4.7",&nbsp;<a href="https://www.thegioididong.com/hoi-dap/man-hinh-retina-la-gi-905780" target="_blank">Retina HD</a></div>\r\n</li>\r\n<li class="g72"><span>Hệ điều h&agrave;nh:</span>\r\n<div><a href="https://www.thegioididong.com/tin-tuc/ios-10-chinh-thuc-ra-mat-voi-hang-loat-tinh-nang-moi-841598" target="_blank">iOS 10</a></div>\r\n</li>\r\n<li class="g27"><span>Camera sau:</span>\r\n<div>12 MP</div>\r\n</li>\r\n<li class="g29"><span>Camera trước:</span>\r\n<div>7 MP</div>\r\n</li>\r\n<li class="g6059"><span>CPU:</span>\r\n<div><a href="https://www.thegioididong.com/hoi-dap/tong-quan-ve-chip-a10-fusion-cua-apple-885052" target="_blank">Apple A10 Fusion 4 nh&acirc;n 64-bit</a></div>\r\n</li>\r\n<li class="g50"><span>RAM:</span>\r\n<div>2 GB</div>\r\n</li>\r\n<li class="g49"><span>Bộ nhớ trong:</span>\r\n<div>128 GB</div>\r\n</li>\r\n<li class="g52"><span>Thẻ nhớ:</span>\r\n<div>Kh&ocirc;ng</div>\r\n</li>\r\n<li class="g6339"><span>Thẻ SIM:</span>\r\n<div><a href="https://www.thegioididong.com/tin-tuc/tim-hieu-cac-loai-sim-thong-dung-sim-thuong-micro--590216#nanosim" target="_blank">1 Nano SIM</a></div>\r\n</li>\r\n<li class="g84"><span>Dung lượng pin:</span>\r\n<div>1960 mAh</div>\r\n</li>\r\n</ul>', 1, 6, 10, '12 tháng'),
(11, 'Điện thoại iPhone 7 Red 128GB', 'uploads/20170424085646iphone-7-red-128gb-400x460.png', 21690000, '<ul class="parameter">\r\n<li class="g6459_79_77"><span>M&agrave;n h&igrave;nh:</span>\r\n<div><a href="https://www.thegioididong.com/hoi-dap/man-hinh-led-backlit-ips-lcd-la-gi-905757" target="_blank">LED-backlit IPS LCD</a>, 4.7",&nbsp;<a href="https://www.thegioididong.com/hoi-dap/man-hinh-retina-la-gi-905780" target="_blank">Retina HD</a></div>\r\n</li>\r\n<li class="g72"><span>Hệ điều h&agrave;nh:</span>\r\n<div><a href="https://www.thegioididong.com/tin-tuc/ios-10-chinh-thuc-ra-mat-voi-hang-loat-tinh-nang-moi-841598" target="_blank">iOS 10</a></div>\r\n</li>\r\n<li class="g27"><span>Camera sau:</span>\r\n<div>12 MP</div>\r\n</li>\r\n<li class="g29"><span>Camera trước:</span>\r\n<div>7 MP</div>\r\n</li>\r\n<li class="g6059"><span>CPU:</span>\r\n<div><a href="https://www.thegioididong.com/hoi-dap/tong-quan-ve-chip-a10-fusion-cua-apple-885052" target="_blank">Apple A10 Fusion 4 nh&acirc;n 64-bit</a></div>\r\n</li>\r\n<li class="g50"><span>RAM:</span>\r\n<div>2 GB</div>\r\n</li>\r\n<li class="g49"><span>Bộ nhớ trong:</span>\r\n<div>128 GB</div>\r\n</li>\r\n<li class="g52"><span>Thẻ nhớ:</span>\r\n<div>Kh&ocirc;ng</div>\r\n</li>\r\n<li class="g6339"><span>Thẻ SIM:</span>\r\n<div><a href="https://www.thegioididong.com/tin-tuc/tim-hieu-cac-loai-sim-thong-dung-sim-thuong-micro--590216#nanosim" target="_blank">1 Nano SIM</a></div>\r\n</li>\r\n<li class="g84"><span>Dung lượng pin:</span>\r\n<div>1960 mAh</div>\r\n</li>\r\n</ul>', 1, 7, 9, '12 tháng'),
(12, 'Điện thoại iPhone 6s Plus Pink 64GB', 'uploads/20170424085811iphone-6s-plus-64gb-400-400x450.png', 19990000, '<ul class="parameter">\r\n<li class="g6459_79_77"><span>M&agrave;n h&igrave;nh:</span>\r\n<div><a href="https://www.thegioididong.com/hoi-dap/man-hinh-led-backlit-ips-lcd-la-gi-905757" target="_blank">LED-backlit IPS LCD</a>, 5.5",&nbsp;<a href="https://www.thegioididong.com/hoi-dap/man-hinh-retina-la-gi-905780" target="_blank">Retina HD</a></div>\r\n</li>\r\n<li class="g72"><span>Hệ điều h&agrave;nh:</span>\r\n<div><a href="https://www.thegioididong.com/tin-tuc/ngay-mai-ios-9-ra-mat-co-gi-moi-dang-de-ban-cho-doi-702229" target="_blank">iOS 9</a></div>\r\n</li>\r\n<li class="g27"><span>Camera sau:</span>\r\n<div>12 MP</div>\r\n</li>\r\n<li class="g29"><span>Camera trước:</span>\r\n<div>5 MP</div>\r\n</li>\r\n<li class="g6059"><span>CPU:</span>\r\n<div><a href="https://www.thegioididong.com/hoi-dap/chip-xu-ly-apple-a9-tren-iphone-6s-va-6s-plus-733695" target="_blank">Apple A9 2 nh&acirc;n 64-bit</a></div>\r\n</li>\r\n<li class="g50"><span>RAM:</span>\r\n<div>2 GB</div>\r\n</li>\r\n<li class="g49"><span>Bộ nhớ trong:</span>\r\n<div>64 GB</div>\r\n</li>\r\n<li class="g52"><span>Thẻ nhớ:</span>\r\n<div>Chưa x&aacute;c định</div>\r\n</li>\r\n<li class="g6339"><span>Thẻ SIM:</span>\r\n<div><a href="https://www.thegioididong.com/tin-tuc/tim-hieu-cac-loai-sim-thong-dung-sim-thuong-micro--590216#nanosim" target="_blank">1 Nano SIM</a></div>\r\n</li>\r\n<li class="g84"><span>Dung lượng pin:</span>\r\n<div>2750 mAh</div>\r\n</li>\r\n</ul>', 1, 8, 10, '12 tháng'),
(13, 'Điện thoại iPhone 6s Pink 128GB', 'uploads/20170424085958iphone-6s-128gb-hong-1-400x450.png', 18890000, '<ul class="parameter">\r\n<li class="g6459_79_77"><span>M&agrave;n h&igrave;nh:</span>\r\n<div><a href="https://www.thegioididong.com/hoi-dap/man-hinh-led-backlit-ips-lcd-la-gi-905757" target="_blank">LED-backlit IPS LCD</a>, 4.7",&nbsp;<a href="https://www.thegioididong.com/hoi-dap/man-hinh-retina-la-gi-905780" target="_blank">Retina HD</a></div>\r\n</li>\r\n<li class="g72"><span>Hệ điều h&agrave;nh:</span>\r\n<div><a href="https://www.thegioididong.com/tin-tuc/ngay-mai-ios-9-ra-mat-co-gi-moi-dang-de-ban-cho-doi-702229" target="_blank">iOS 9</a></div>\r\n</li>\r\n<li class="g27"><span>Camera sau:</span>\r\n<div>12 MP</div>\r\n</li>\r\n<li class="g29"><span>Camera trước:</span>\r\n<div>5 MP</div>\r\n</li>\r\n<li class="g6059"><span>CPU:</span>\r\n<div><a href="https://www.thegioididong.com/hoi-dap/chip-xu-ly-apple-a9-tren-iphone-6s-va-6s-plus-733695" target="_blank">Apple A9 2 nh&acirc;n 64-bit</a></div>\r\n</li>\r\n<li class="g50"><span>RAM:</span>\r\n<div>2 GB</div>\r\n</li>\r\n<li class="g49"><span>Bộ nhớ trong:</span>\r\n<div>128 GB</div>\r\n</li>\r\n<li class="g52"><span>Thẻ nhớ:</span>\r\n<div>Kh&ocirc;ng</div>\r\n</li>\r\n<li class="g6339"><span>Thẻ SIM:</span>\r\n<div><a href="https://www.thegioididong.com/tin-tuc/tim-hieu-cac-loai-sim-thong-dung-sim-thuong-micro--590216#nanosim" target="_blank">1 Nano SIM</a></div>\r\n</li>\r\n<li class="g84"><span>Dung lượng pin:</span>\r\n<div>1715 mAh</div>\r\n</li>\r\n</ul>', 1, 9, 10, '12 tháng'),
(14, 'Điện thoại iPhone 7 White 32GB', 'uploads/20170424090223iphone-7-8-400x460.png', 18790000, '<ul class="parameter">\r\n<li class="g6459_79_77"><span>M&agrave;n h&igrave;nh:</span>\r\n<div><a href="https://www.thegioididong.com/hoi-dap/man-hinh-led-backlit-ips-lcd-la-gi-905757" target="_blank">LED-backlit IPS LCD</a>, 4.7",&nbsp;<a href="https://www.thegioididong.com/hoi-dap/man-hinh-retina-la-gi-905780" target="_blank">Retina HD</a></div>\r\n</li>\r\n<li class="g72"><span>Hệ điều h&agrave;nh:</span>\r\n<div><a href="https://www.thegioididong.com/tin-tuc/ios-10-chinh-thuc-ra-mat-voi-hang-loat-tinh-nang-moi-841598" target="_blank">iOS 10</a></div>\r\n</li>\r\n<li class="g27"><span>Camera sau:</span>\r\n<div>12 MP</div>\r\n</li>\r\n<li class="g29"><span>Camera trước:</span>\r\n<div>7 MP</div>\r\n</li>\r\n<li class="g6059"><span>CPU:</span>\r\n<div><a href="https://www.thegioididong.com/hoi-dap/tong-quan-ve-chip-a10-fusion-cua-apple-885052" target="_blank">Apple A10 Fusion 4 nh&acirc;n 64-bit</a></div>\r\n</li>\r\n<li class="g50"><span>RAM:</span>\r\n<div>2 GB</div>\r\n</li>\r\n<li class="g49"><span>Bộ nhớ trong:</span>\r\n<div>32 GB</div>\r\n</li>\r\n<li class="g52"><span>Thẻ nhớ:</span>\r\n<div>Kh&ocirc;ng</div>\r\n</li>\r\n<li class="g6339"><span>Thẻ SIM:</span>\r\n<div><a href="https://www.thegioididong.com/tin-tuc/tim-hieu-cac-loai-sim-thong-dung-sim-thuong-micro--590216#nanosim" target="_blank">1 Nano SIM</a></div>\r\n</li>\r\n<li class="g84"><span>Dung lượng pin:</span>\r\n<div>1960 mAh</div>\r\n</li>\r\n</ul>', 1, 10, 9, '12 tháng'),
(15, 'Điện thoại iPhone 6s Plus Pink 32GB', 'uploads/20170424090410iphone-6s-plus-32gb-400x450-400x450.png', 18490000, '<ul class="parameter">\r\n<li class="g6459_79_77"><span>M&agrave;n h&igrave;nh:</span>\r\n<div><a href="https://www.thegioididong.com/hoi-dap/man-hinh-led-backlit-ips-lcd-la-gi-905757" target="_blank">LED-backlit IPS LCD</a>, 5.5",&nbsp;<a href="https://www.thegioididong.com/hoi-dap/man-hinh-retina-la-gi-905780" target="_blank">Retina HD</a></div>\r\n</li>\r\n<li class="g72"><span>Hệ điều h&agrave;nh:</span>\r\n<div><a href="https://www.thegioididong.com/tin-tuc/ngay-mai-ios-9-ra-mat-co-gi-moi-dang-de-ban-cho-doi-702229" target="_blank">iOS 9</a></div>\r\n</li>\r\n<li class="g27"><span>Camera sau:</span>\r\n<div>12 MP</div>\r\n</li>\r\n<li class="g29"><span>Camera trước:</span>\r\n<div>5 MP</div>\r\n</li>\r\n<li class="g6059"><span>CPU:</span>\r\n<div><a href="https://www.thegioididong.com/hoi-dap/chip-xu-ly-apple-a9-tren-iphone-6s-va-6s-plus-733695" target="_blank">Apple A9 2 nh&acirc;n 64-bit</a></div>\r\n</li>\r\n<li class="g50"><span>RAM:</span>\r\n<div>2 GB</div>\r\n</li>\r\n<li class="g49"><span>Bộ nhớ trong:</span>\r\n<div>32 GB</div>\r\n</li>\r\n<li class="g52"><span>Thẻ nhớ:</span>\r\n<div>Kh&ocirc;ng</div>\r\n</li>\r\n<li class="g6339"><span>Thẻ SIM:</span>\r\n<div><a href="https://www.thegioididong.com/tin-tuc/tim-hieu-cac-loai-sim-thong-dung-sim-thuong-micro--590216#nanosim" target="_blank">1 Nano SIM</a></div>\r\n</li>\r\n<li class="g84"><span>Dung lượng pin:</span>\r\n<div>2750 mAh</div>\r\n</li>\r\n</ul>', 1, 11, 10, '12 tháng'),
(16, 'Điện thoại iPhone 6s Pink 32GB', 'uploads/20170424090542iphone-6s-32gb-400x450-400x450.png', 15990000, '<ul class="parameter">\r\n<li class="g6459_79_77"><span>M&agrave;n h&igrave;nh:</span>\r\n<div><a href="https://www.thegioididong.com/hoi-dap/man-hinh-led-backlit-ips-lcd-la-gi-905757" target="_blank">LED-backlit IPS LCD</a>, 4.7",&nbsp;<a href="https://www.thegioididong.com/hoi-dap/man-hinh-retina-la-gi-905780" target="_blank">Retina HD</a></div>\r\n</li>\r\n<li class="g72"><span>Hệ điều h&agrave;nh:</span>\r\n<div><a href="https://www.thegioididong.com/tin-tuc/ios-10-chinh-thuc-ra-mat-voi-hang-loat-tinh-nang-moi-841598" target="_blank">iOS 10</a></div>\r\n</li>\r\n<li class="g27"><span>Camera sau:</span>\r\n<div>12 MP</div>\r\n</li>\r\n<li class="g29"><span>Camera trước:</span>\r\n<div>5 MP</div>\r\n</li>\r\n<li class="g6059"><span>CPU:</span>\r\n<div><a href="https://www.thegioididong.com/hoi-dap/chip-xu-ly-apple-a9-tren-iphone-6s-va-6s-plus-733695" target="_blank">Apple A9 2 nh&acirc;n 64-bit</a></div>\r\n</li>\r\n<li class="g50"><span>RAM:</span>\r\n<div>2 GB</div>\r\n</li>\r\n<li class="g49"><span>Bộ nhớ trong:</span>\r\n<div>32 GB</div>\r\n</li>\r\n<li class="g52"><span>Thẻ nhớ:</span>\r\n<div>Kh&ocirc;ng</div>\r\n</li>\r\n<li class="g6339"><span>Thẻ SIM:</span>\r\n<div><a href="https://www.thegioididong.com/tin-tuc/tim-hieu-cac-loai-sim-thong-dung-sim-thuong-micro--590216#nanosim" target="_blank">1 Nano SIM</a></div>\r\n</li>\r\n<li class="g84"><span>Dung lượng pin:</span>\r\n<div>1715 mAh</div>\r\n</li>\r\n</ul>', 1, 12, 10, '12 tháng'),
(17, 'Điện thoại iPhone 6 Plus 16GB', 'uploads/20170424091019iphone-6-plus-16gb-64gb128gb-400x450.png', 11990000, '<ul class="parameter">\r\n<li class="g6459_79_77"><span>M&agrave;n h&igrave;nh:</span>\r\n<div><a href="https://www.thegioididong.com/hoi-dap/man-hinh-led-backlit-ips-lcd-la-gi-905757" target="_blank">LED-backlit IPS LCD</a>, 5.5",&nbsp;<a href="https://www.thegioididong.com/hoi-dap/man-hinh-retina-la-gi-905780" target="_blank">Retina HD</a></div>\r\n</li>\r\n<li class="g72"><span>Hệ điều h&agrave;nh:</span>\r\n<div><a href="https://www.thegioididong.com/tin-tuc/ngay-mai-ios-9-ra-mat-co-gi-moi-dang-de-ban-cho-doi-702229" target="_blank">iOS 9</a></div>\r\n</li>\r\n<li class="g27"><span>Camera sau:</span>\r\n<div>8 MP</div>\r\n</li>\r\n<li class="g29"><span>Camera trước:</span>\r\n<div>1.2 MP</div>\r\n</li>\r\n<li class="g6059"><span>CPU:</span>\r\n<div><a href="https://www.thegioididong.com/tin-tuc/tim-hieu-ve-chip-xu-ly-danh-cho-di-dong-cua-apple-592848#applea8" target="_blank">Apple A8 2 nh&acirc;n 64-bit</a></div>\r\n</li>\r\n<li class="g50"><span>RAM:</span>\r\n<div>1 GB</div>\r\n</li>\r\n<li class="g49"><span>Bộ nhớ trong:</span>\r\n<div>16 GB</div>\r\n</li>\r\n<li class="g52"><span>Thẻ nhớ:</span>\r\n<div>Kh&ocirc;ng</div>\r\n</li>\r\n<li class="g6339"><span>Thẻ SIM:</span>\r\n<div><a href="https://www.thegioididong.com/tin-tuc/tim-hieu-cac-loai-sim-thong-dung-sim-thuong-micro--590216#nanosim" target="_blank">1 Nano SIM</a></div>\r\n</li>\r\n<li class="g84"><span>Dung lượng pin:</span>\r\n<div>2915 mAh</div>\r\n</li>\r\n</ul>', 1, 13, 10, '12 tháng'),
(18, 'Điện thoại iPhone SE Rose Gold 64GB', 'uploads/20170424091135iphone-se-64gb-400x460.png', 11990000, '<ul class="parameter">\r\n<li class="g6459_79_77"><span>M&agrave;n h&igrave;nh:</span>\r\n<div><a href="https://www.thegioididong.com/hoi-dap/man-hinh-ips-lcd-la-gi-905752" target="_blank">IPS LCD</a>, 4",&nbsp;<a href="https://www.thegioididong.com/hoi-dap/man-hinh-retina-la-gi-905780" target="_blank">Retina</a></div>\r\n</li>\r\n<li class="g72"><span>Hệ điều h&agrave;nh:</span>\r\n<div><a href="https://www.thegioididong.com/tin-tuc/ngay-mai-ios-9-ra-mat-co-gi-moi-dang-de-ban-cho-doi-702229" target="_blank">iOS 9</a></div>\r\n</li>\r\n<li class="g27"><span>Camera sau:</span>\r\n<div>12 MP</div>\r\n</li>\r\n<li class="g29"><span>Camera trước:</span>\r\n<div>1.2 MP</div>\r\n</li>\r\n<li class="g6059"><span>CPU:</span>\r\n<div><a href="https://www.thegioididong.com/hoi-dap/chip-xu-ly-apple-a9-tren-iphone-6s-va-6s-plus-733695" target="_blank">Apple A9 2 nh&acirc;n 64-bit</a></div>\r\n</li>\r\n<li class="g50"><span>RAM:</span>\r\n<div>2 GB</div>\r\n</li>\r\n<li class="g49"><span>Bộ nhớ trong:</span>\r\n<div>64 GB</div>\r\n</li>\r\n<li class="g52"><span>Thẻ nhớ:</span>\r\n<div>Kh&ocirc;ng</div>\r\n</li>\r\n<li class="g6339"><span>Thẻ SIM:</span>\r\n<div><a href="https://www.thegioididong.com/tin-tuc/tim-hieu-cac-loai-sim-thong-dung-sim-thuong-micro--590216#nanosim" target="_blank">1 Nano SIM</a></div>\r\n</li>\r\n<li class="g84"><span>Dung lượng pin:</span>\r\n<div>1642 mAh</div>\r\n</li>\r\n</ul>', 1, 14, 10, '12 tháng'),
(19, 'Điện thoại iPhone 6 Gold 32GB', 'uploads/20170424091249iphone-6-32gb-vang-400-400x460.png', 9990000, '<ul class="parameter">\r\n<li class="g6459_79_77"><span>M&agrave;n h&igrave;nh:</span>\r\n<div><a href="https://www.thegioididong.com/hoi-dap/man-hinh-led-backlit-ips-lcd-la-gi-905757" target="_blank">LED-backlit IPS LCD</a>, 4.7",&nbsp;<a href="https://www.thegioididong.com/tin-tuc/do-phan-giai-man-hinh-qhd-hd-fullhd-2k-4k-la-gi--592178#hd" target="_blank">HD</a></div>\r\n</li>\r\n<li class="g72"><span>Hệ điều h&agrave;nh:</span>\r\n<div><a href="https://www.thegioididong.com/tin-tuc/ios-10-chinh-thuc-ra-mat-voi-hang-loat-tinh-nang-moi-841598" target="_blank">iOS 10</a></div>\r\n</li>\r\n<li class="g27"><span>Camera sau:</span>\r\n<div>8 MP</div>\r\n</li>\r\n<li class="g29"><span>Camera trước:</span>\r\n<div>1.2 MP</div>\r\n</li>\r\n<li class="g6059"><span>CPU:</span>\r\n<div><a href="https://www.thegioididong.com/tin-tuc/tim-hieu-ve-chip-xu-ly-danh-cho-di-dong-cua-apple-592848#applea8" target="_blank">Apple A8 2 nh&acirc;n 64-bit</a></div>\r\n</li>\r\n<li class="g50"><span>RAM:</span>\r\n<div>1 GB</div>\r\n</li>\r\n<li class="g49"><span>Bộ nhớ trong:</span>\r\n<div>32 GB</div>\r\n</li>\r\n<li class="g52"><span>Thẻ nhớ:</span>\r\n<div>Kh&ocirc;ng</div>\r\n</li>\r\n<li class="g6339"><span>Thẻ SIM:</span>\r\n<div><a href="https://www.thegioididong.com/tin-tuc/tim-hieu-cac-loai-sim-thong-dung-sim-thuong-micro--590216#nanosim" target="_blank">1 Nano SIM</a></div>\r\n</li>\r\n<li class="g84"><span>Dung lượng pin:</span>\r\n<div>1810 mAh</div>\r\n</li>\r\n</ul>', 1, 15, 9, '12 tháng'),
(20, 'Điện thoại iPhone SE Rose 16GB', 'uploads/20170424091357iphone-se-16gb-400x460.png', 8990000, '<ul class="parameter">\r\n<li class="g6459_79_77"><span>M&agrave;n h&igrave;nh:</span>\r\n<div><a href="https://www.thegioididong.com/hoi-dap/man-hinh-ips-lcd-la-gi-905752" target="_blank">IPS LCD</a>, 4",&nbsp;<a href="https://www.thegioididong.com/hoi-dap/man-hinh-retina-la-gi-905780" target="_blank">Retina</a></div>\r\n</li>\r\n<li class="g72"><span>Hệ điều h&agrave;nh:</span>\r\n<div><a href="https://www.thegioididong.com/tin-tuc/ngay-mai-ios-9-ra-mat-co-gi-moi-dang-de-ban-cho-doi-702229" target="_blank">iOS 9</a></div>\r\n</li>\r\n<li class="g27"><span>Camera sau:</span>\r\n<div>12 MP</div>\r\n</li>\r\n<li class="g29"><span>Camera trước:</span>\r\n<div>1.2 MP</div>\r\n</li>\r\n<li class="g6059"><span>CPU:</span>\r\n<div><a href="https://www.thegioididong.com/hoi-dap/chip-xu-ly-apple-a9-tren-iphone-6s-va-6s-plus-733695" target="_blank">Apple A9 2 nh&acirc;n 64-bit</a></div>\r\n</li>\r\n<li class="g50"><span>RAM:</span>\r\n<div>2 GB</div>\r\n</li>\r\n<li class="g49"><span>Bộ nhớ trong:</span>\r\n<div>16 GB</div>\r\n</li>\r\n<li class="g52"><span>Thẻ nhớ:</span>\r\n<div>Kh&ocirc;ng</div>\r\n</li>\r\n<li class="g6339"><span>Thẻ SIM:</span>\r\n<div><a href="https://www.thegioididong.com/tin-tuc/tim-hieu-cac-loai-sim-thong-dung-sim-thuong-micro--590216#nanosim" target="_blank">1 Nano SIM</a></div>\r\n</li>\r\n<li class="g84"><span>Dung lượng pin:</span>\r\n<div>1642 mAh</div>\r\n</li>\r\n</ul>', 1, 16, 9, '12 tháng'),
(21, 'Điện thoại IPHONE 5S White 16GB', 'uploads/20170424091457iphone-5s-16gb-7-400x460.png', 6490000, '<ul class="parameter">\r\n<li class="g6459_79_77"><span>M&agrave;n h&igrave;nh:</span>\r\n<div><a href="https://www.thegioididong.com/hoi-dap/man-hinh-led-backlit-ips-lcd-la-gi-905757" target="_blank">LED-backlit IPS LCD</a>, 4",&nbsp;<a href="https://www.thegioididong.com/tin-tuc/loai-man-hinh-tft-lcd-amoled-la-gi--592346#dvga" target="_blank">DVGA</a></div>\r\n</li>\r\n<li class="g72"><span>Hệ điều h&agrave;nh:</span>\r\n<div><a href="https://www.thegioididong.com/tin-tuc/ios-10-chinh-thuc-ra-mat-voi-hang-loat-tinh-nang-moi-841598" target="_blank">iOS 10</a></div>\r\n</li>\r\n<li class="g27"><span>Camera sau:</span>\r\n<div>8 MP</div>\r\n</li>\r\n<li class="g29"><span>Camera trước:</span>\r\n<div>1.2 MP</div>\r\n</li>\r\n<li class="g6059"><span>CPU:</span>\r\n<div><a href="https://www.thegioididong.com/tin-tuc/tim-hieu-ve-chip-xu-ly-danh-cho-di-dong-cua-apple-592848#applea7" target="_blank">Apple A7 2 nh&acirc;n 64-bit</a></div>\r\n</li>\r\n<li class="g50"><span>RAM:</span>\r\n<div>1 GB</div>\r\n</li>\r\n<li class="g49"><span>Bộ nhớ trong:</span>\r\n<div>16 GB</div>\r\n</li>\r\n<li class="g52"><span>Thẻ nhớ:</span>\r\n<div>Kh&ocirc;ng</div>\r\n</li>\r\n<li class="g6339"><span>Thẻ SIM:</span>\r\n<div><a href="https://www.thegioididong.com/tin-tuc/tim-hieu-cac-loai-sim-thong-dung-sim-thuong-micro--590216#nanosim" target="_blank">1 Nano SIM</a></div>\r\n</li>\r\n<li class="g84"><span>Dung lượng pin:</span>\r\n<div>1560 mAh</div>\r\n</li>\r\n</ul>', 1, 17, 4, '12 tháng'),
(22, 'Điện thoại Samsung Galaxy S7 Edge Silver', 'uploads/20170424092115samsung-galaxy-s7-edge-1-400x460.png', 15490000, '<ul class="parameter">\r\n<li class="g6459_79_77"><span>M&agrave;n h&igrave;nh:</span>\r\n<div><a href="https://www.thegioididong.com/hoi-dap/man-hinh-super-amoled-la-gi-905770" target="_blank">Super AMOLED</a>, 5.5",&nbsp;<a href="https://www.thegioididong.com/tin-tuc/do-phan-giai-man-hinh-qhd-hd-fullhd-2k-4k-la-gi--592178#4k" target="_blank">Quad HD (2K)</a></div>\r\n</li>\r\n<li class="g72"><span>Hệ điều h&agrave;nh:</span>\r\n<div><a href="https://www.thegioididong.com/hoi-dap/android-6-marshmallow-co-gi-hot-726146" target="_blank">Android 6.0 (Marshmallow)</a></div>\r\n</li>\r\n<li class="g27"><span>Camera sau:</span>\r\n<div>12 MP</div>\r\n</li>\r\n<li class="g29"><span>Camera trước:</span>\r\n<div>5 MP</div>\r\n</li>\r\n<li class="g6059"><span>CPU:</span>\r\n<div><a href="https://www.thegioididong.com/hoi-dap/exynos-8890-817132" target="_blank">Exynos 8890 8 nh&acirc;n 64-bit</a></div>\r\n</li>\r\n<li class="g50"><span>RAM:</span>\r\n<div>4 GB</div>\r\n</li>\r\n<li class="g49"><span>Bộ nhớ trong:</span>\r\n<div>32 GB</div>\r\n</li>\r\n<li class="g52"><span>Thẻ nhớ:</span>\r\n<div>MicroSD, hỗ trợ tối đa 256 GB</div>\r\n</li>\r\n<li class="g6339"><span>Thẻ SIM:</span>\r\n<div><span>2 SIM Nano (SIM 2 chung khe thẻ nhớ), hỗ trợ 4G</span></div>\r\n</li>\r\n<li class="g84"><span>Dung lượng pin:</span>\r\n<div><span>3600 mAh, c&oacute; sạc nhanh</span></div>\r\n</li>\r\n</ul>', 11, 18, 9, '12 tháng'),
(23, 'Điện thoại Samsung Galaxy S7 Edge Xanh', 'uploads/20170424092220samsung-galaxy-s7-edge-blue-coral-edition-1-400x460-400x460.png', 15490000, '<ul class="parameter">\r\n<li class="g6459_79_77"><span>M&agrave;n h&igrave;nh:</span>\r\n<div><a href="https://www.thegioididong.com/hoi-dap/man-hinh-super-amoled-la-gi-905770" target="_blank">Super AMOLED</a>, 5.5",&nbsp;<a href="https://www.thegioididong.com/tin-tuc/do-phan-giai-man-hinh-qhd-hd-fullhd-2k-4k-la-gi--592178#4k" target="_blank">Quad HD (2K)</a></div>\r\n</li>\r\n<li class="g72"><span>Hệ điều h&agrave;nh:</span>\r\n<div><a href="https://www.thegioididong.com/hoi-dap/android-6-marshmallow-co-gi-hot-726146" target="_blank">Android 6.0 (Marshmallow)</a></div>\r\n</li>\r\n<li class="g27"><span>Camera sau:</span>\r\n<div>12 MP</div>\r\n</li>\r\n<li class="g29"><span>Camera trước:</span>\r\n<div>5 MP</div>\r\n</li>\r\n<li class="g6059"><span>CPU:</span>\r\n<div><a href="https://www.thegioididong.com/hoi-dap/exynos-8890-817132" target="_blank">Exynos 8890 8 nh&acirc;n 64-bit</a></div>\r\n</li>\r\n<li class="g50"><span>RAM:</span>\r\n<div>4 GB</div>\r\n</li>\r\n<li class="g49"><span>Bộ nhớ trong:</span>\r\n<div>32 GB</div>\r\n</li>\r\n<li class="g52"><span>Thẻ nhớ:</span>\r\n<div>MicroSD, hỗ trợ tối đa 256 GB</div>\r\n</li>\r\n<li class="g6339"><span>Thẻ SIM:</span>\r\n<div><span>2 SIM Nano (SIM 2 chung khe thẻ nhớ), hỗ trợ 4G</span></div>\r\n</li>\r\n<li class="g84"><span>Dung lượng pin:</span>\r\n<div><span>3600 mAh, c&oacute; sạc nhanh</span></div>\r\n</li>\r\n</ul>', 11, 19, 9, '12 tháng'),
(24, 'Điện thoại Samsung Galaxy S7 Edge Pink', 'uploads/20170424092322samsung-galaxy-s7-edge-pink-gold-edition-400x460.png', 15490000, '<ul class="parameter">\r\n<li class="g6459_79_77"><span>M&agrave;n h&igrave;nh:</span>\r\n<div><a href="https://www.thegioididong.com/hoi-dap/man-hinh-super-amoled-la-gi-905770" target="_blank">Super AMOLED</a>, 5.5",&nbsp;<a href="https://www.thegioididong.com/tin-tuc/do-phan-giai-man-hinh-qhd-hd-fullhd-2k-4k-la-gi--592178#4k" target="_blank">Quad HD (2K)</a></div>\r\n</li>\r\n<li class="g72"><span>Hệ điều h&agrave;nh:</span>\r\n<div><a href="https://www.thegioididong.com/hoi-dap/android-6-marshmallow-co-gi-hot-726146" target="_blank">Android 6.0 (Marshmallow)</a></div>\r\n</li>\r\n<li class="g27"><span>Camera sau:</span>\r\n<div>12 MP</div>\r\n</li>\r\n<li class="g29"><span>Camera trước:</span>\r\n<div>5 MP</div>\r\n</li>\r\n<li class="g6059"><span>CPU:</span>\r\n<div><a href="https://www.thegioididong.com/hoi-dap/exynos-8890-817132" target="_blank">Exynos 8890 8 nh&acirc;n 64-bit</a></div>\r\n</li>\r\n<li class="g50"><span>RAM:</span>\r\n<div>4 GB</div>\r\n</li>\r\n<li class="g49"><span>Bộ nhớ trong:</span>\r\n<div>32 GB</div>\r\n</li>\r\n<li class="g52"><span>Thẻ nhớ:</span>\r\n<div>MicroSD, hỗ trợ tối đa 256 GB</div>\r\n</li>\r\n<li class="g6339"><span>Thẻ SIM:</span>\r\n<div><span>2 SIM Nano (SIM 2 chung khe thẻ nhớ), hỗ trợ 4G</span></div>\r\n</li>\r\n<li class="g84"><span>Dung lượng pin:</span>\r\n<div><span>3600 mAh, c&oacute; sạc nhanh</span></div>\r\n</li>\r\n</ul>', 11, 20, 7, '12 tháng'),
(25, 'Điện thoại OPPO F3 Plus', 'uploads/20170523030518oppo-f3-plus-1-1-400x460.png', 10690000, '<ul class="parameter">\r\n<li class="g6459_79_77"><span>M&agrave;n h&igrave;nh:</span>\r\n<div><a href="https://www.thegioididong.com/hoi-dap/man-hinh-ips-lcd-la-gi-905752" target="_blank">IPS LCD</a>, 6",&nbsp;<a href="https://www.thegioididong.com/tin-tuc/do-phan-giai-man-hinh-qhd-hd-fullhd-2k-4k-la-gi--592178#fullhd" target="_blank">Full HD</a></div>\r\n</li>\r\n<li class="g72"><span>Hệ điều h&agrave;nh:</span>\r\n<div><a href="https://www.thegioididong.com/hoi-dap/android-6-marshmallow-co-gi-hot-726146" target="_blank">Android 6.0 (Marshmallow)</a></div>\r\n</li>\r\n<li class="g27"><span>Camera sau:</span>\r\n<div>16 MP</div>\r\n</li>\r\n<li class="g29"><span>Camera trước:</span>\r\n<div>16 MP v&agrave; 8 MP</div>\r\n</li>\r\n<li class="g6059"><span>CPU:</span>\r\n<div><a href="https://www.thegioididong.com/hoi-dap/chip-xu-ly-snapdragon-653-912378" target="_blank">Snapdragon 653 8 nh&acirc;n 64-bit</a></div>\r\n</li>\r\n<li class="g50"><span>RAM:</span>\r\n<div>4 GB</div>\r\n</li>\r\n<li class="g49"><span>Bộ nhớ trong:</span>\r\n<div>64 GB</div>\r\n</li>\r\n<li class="g52"><span>Thẻ nhớ:</span>\r\n<div>MicroSD, hỗ trợ tối đa 256 GB</div>\r\n</li>\r\n<li class="g6339"><span>Thẻ SIM:</span>\r\n<div><span>2 Nano SIM, hỗ trợ 4G</span></div>\r\n</li>\r\n<li class="g84"><span>Dung lượng pin:</span>\r\n<div><span>4000 mAh, c&oacute; sạc nhanh</span></div>\r\n</li>\r\n</ul>', 13, 21, 9, '12 tháng'),
(26, 'Điện thoại OPPO F3', 'uploads/20170524070732oppo-f3-2-400x460.png', 7490000, '<ul class="parameter">\r\n<li class="g6459_79_77"><span>M&agrave;n h&igrave;nh:</span>\r\n<div><a href="https://www.thegioididong.com/hoi-dap/man-hinh-ips-lcd-la-gi-905752" target="_blank">IPS LCD</a>, 5.5",&nbsp;<a href="https://www.thegioididong.com/tin-tuc/do-phan-giai-man-hinh-qhd-hd-fullhd-2k-4k-la-gi--592178#fullhd" target="_blank">Full HD</a></div>\r\n</li>\r\n<li class="g72"><span>Hệ điều h&agrave;nh:</span>\r\n<div><a href="https://www.thegioididong.com/hoi-dap/android-6-marshmallow-co-gi-hot-726146" target="_blank">Android 6.0 (Marshmallow)</a></div>\r\n</li>\r\n<li class="g27"><span>Camera sau:</span>\r\n<div>13 MP</div>\r\n</li>\r\n<li class="g29"><span>Camera trước:</span>\r\n<div>16 MP v&agrave; 8 MP</div>\r\n</li>\r\n<li class="g6059"><span>CPU:</span>\r\n<div>MT6750T 8 nh&acirc;n 64-bit</div>\r\n</li>\r\n<li class="g50"><span>RAM:</span>\r\n<div>4 GB</div>\r\n</li>\r\n<li class="g49"><span>Bộ nhớ trong:</span>\r\n<div>64 GB</div>\r\n</li>\r\n<li class="g52"><span>Thẻ nhớ:</span>\r\n<div>MicroSD, hỗ trợ tối đa 128 GB</div>\r\n</li>\r\n<li class="g6339"><span>Thẻ SIM:</span>\r\n<div><span>2 Nano SIM, hỗ trợ 4G</span></div>\r\n</li>\r\n<li class="g84"><span>Dung lượng pin:</span>\r\n<div>3200 mAh</div>\r\n</li>\r\n</ul>', 13, 22, 10, '12 tháng'),
(27, 'Điện thoại OPPO F1s [17] 64GB', 'uploads/20170524070851oppo-f1s-2017-400x460.png', 6990000, '<ul class="parameter">\r\n<li class="g6459_79_77"><span>M&agrave;n h&igrave;nh:</span>\r\n<div><a href="https://www.thegioididong.com/hoi-dap/man-hinh-ips-lcd-la-gi-905752" target="_blank">IPS LCD</a>, 5.5",&nbsp;<a href="https://www.thegioididong.com/tin-tuc/do-phan-giai-man-hinh-qhd-hd-fullhd-2k-4k-la-gi--592178#hd" target="_blank">HD</a></div>\r\n</li>\r\n<li class="g72"><span>Hệ điều h&agrave;nh:</span>\r\n<div><a href="https://www.thegioididong.com/hoi-dap/android-51-co-thay-doi-gi-moi-658189" target="_blank">Android 5.1 (Lollipop)</a></div>\r\n</li>\r\n<li class="g27"><span>Camera sau:</span>\r\n<div>13 MP</div>\r\n</li>\r\n<li class="g29"><span>Camera trước:</span>\r\n<div>16 MP</div>\r\n</li>\r\n<li class="g6059"><span>CPU:</span>\r\n<div><a href="https://www.thegioididong.com/hoi-dap/tim-hieu-chip-mediatek-mt6750-900098" target="_blank">Mediatek MT6750 8 nh&acirc;n</a></div>\r\n</li>\r\n<li class="g50"><span>RAM:</span>\r\n<div>4 GB</div>\r\n</li>\r\n<li class="g49"><span>Bộ nhớ trong:</span>\r\n<div>64 GB</div>\r\n</li>\r\n<li class="g52"><span>Thẻ nhớ:</span>\r\n<div>MicroSD, hỗ trợ tối đa 128 GB</div>\r\n</li>\r\n<li class="g6339"><span>Thẻ SIM:</span>\r\n<div><span><a href="https://www.thegioididong.com/tin-tuc/tim-hieu-cac-loai-sim-thong-dung-sim-thuong-micro--590216#nanosim" target="_blank">2 Nano SIM</a>, hỗ trợ 4G</span></div>\r\n</li>\r\n<li class="g84"><span>Dung lượng pin:</span>\r\n<div>3075 mAh</div>\r\n</li>\r\n</ul>', 13, 23, 9, '12 tháng'),
(28, 'Điện thoại OPPO A39 (Neo 9s)', 'uploads/20170524071024oppo-a39-hero-1-1-400x460.png', 4290000, '<ul class="parameter">\r\n<li class="g6459_79_77"><span>M&agrave;n h&igrave;nh:</span>\r\n<div><a href="https://www.thegioididong.com/hoi-dap/man-hinh-ips-lcd-la-gi-905752" target="_blank">IPS LCD</a>, 5.2",&nbsp;<a href="https://www.thegioididong.com/tin-tuc/do-phan-giai-man-hinh-qhd-hd-fullhd-2k-4k-la-gi--592178#hd" target="_blank">HD</a></div>\r\n</li>\r\n<li class="g72"><span>Hệ điều h&agrave;nh:</span>\r\n<div><a href="https://www.thegioididong.com/hoi-dap/android-51-co-thay-doi-gi-moi-658189" target="_blank">Android 5.1 (Lollipop)</a></div>\r\n</li>\r\n<li class="g27"><span>Camera sau:</span>\r\n<div>13 MP</div>\r\n</li>\r\n<li class="g29"><span>Camera trước:</span>\r\n<div>5 MP</div>\r\n</li>\r\n<li class="g6059"><span>CPU:</span>\r\n<div><a href="https://www.thegioididong.com/hoi-dap/tim-hieu-chip-mediatek-mt6750-900098" target="_blank">Mediatek MT6750 8 nh&acirc;n</a></div>\r\n</li>\r\n<li class="g50"><span>RAM:</span>\r\n<div>3 GB</div>\r\n</li>\r\n<li class="g49"><span>Bộ nhớ trong:</span>\r\n<div>32 GB</div>\r\n</li>\r\n<li class="g52"><span>Thẻ nhớ:</span>\r\n<div>MicroSD, hỗ trợ tối đa 256 GB</div>\r\n</li>\r\n<li class="g6339"><span>Thẻ SIM:</span>\r\n<div><span>2 Nano SIM, hỗ trợ 4G</span></div>\r\n</li>\r\n<li class="g84"><span>Dung lượng pin:</span>\r\n<div>2900 mAh</div>\r\n</li>\r\n</ul>', 13, 24, 10, '12 tháng'),
(29, 'Điện thoại OPPO A37 (NEO 9)', 'uploads/20170524071136oppo-a37-hero-400x466-400x466copy-400x466.png', 3290000, '<ul class="parameter">\r\n<li class="g6459_79_77"><span>M&agrave;n h&igrave;nh:</span>\r\n<div><a href="https://www.thegioididong.com/hoi-dap/man-hinh-ips-lcd-la-gi-905752" target="_blank">IPS LCD</a>, 5",&nbsp;<a href="https://www.thegioididong.com/tin-tuc/do-phan-giai-man-hinh-qhd-hd-fullhd-2k-4k-la-gi--592178#hd" target="_blank">HD</a></div>\r\n</li>\r\n<li class="g72"><span>Hệ điều h&agrave;nh:</span>\r\n<div><a href="https://www.thegioididong.com/hoi-dap/android-51-co-thay-doi-gi-moi-658189" target="_blank">Android 5.1 (Lollipop)</a></div>\r\n</li>\r\n<li class="g27"><span>Camera sau:</span>\r\n<div>8 MP</div>\r\n</li>\r\n<li class="g29"><span>Camera trước:</span>\r\n<div>5 MP</div>\r\n</li>\r\n<li class="g6059"><span>CPU:</span>\r\n<div><a href="https://www.thegioididong.com/tin-tuc/vi-xu-ly-di-dong-snapdragon-410-610-801-805-808-81-599368#snapdragon410" target="_blank">Qualcomm Snapdragon 410 4 nh&acirc;n 64-bit</a></div>\r\n</li>\r\n<li class="g50"><span>RAM:</span>\r\n<div>2 GB</div>\r\n</li>\r\n<li class="g49"><span>Bộ nhớ trong:</span>\r\n<div>16 GB</div>\r\n</li>\r\n<li class="g52"><span>Thẻ nhớ:</span>\r\n<div>MicroSD, hỗ trợ tối đa 128 GB</div>\r\n</li>\r\n<li class="g6339"><span>Thẻ SIM:</span>\r\n<div><span>2 Nano SIM, hỗ trợ 4G</span></div>\r\n</li>\r\n<li class="g84"><span>Dung lượng pin:</span>\r\n<div>2630 mAh</div>\r\n</li>\r\n</ul>', 13, 25, 10, '12 tháng'),
(30, 'Điện thoại Samsung Galaxy S8', 'uploads/20170524071338samsung-galaxy-s8-4-400x460.png', 18490000, '<ul class="parameter">\r\n<li class="g6459_79_77"><span>M&agrave;n h&igrave;nh:</span>\r\n<div><a href="https://www.thegioididong.com/hoi-dap/man-hinh-super-amoled-la-gi-905770" target="_blank">Super AMOLED</a>, 5.8",&nbsp;<a href="https://www.thegioididong.com/tin-tuc/do-phan-giai-man-hinh-qhd-hd-fullhd-2k-4k-la-gi--592178#4k" target="_blank">Quad HD (2K)</a></div>\r\n</li>\r\n<li class="g72"><span>Hệ điều h&agrave;nh:</span>\r\n<div>Android 7.0</div>\r\n</li>\r\n<li class="g27"><span>Camera sau:</span>\r\n<div>12 MP</div>\r\n</li>\r\n<li class="g29"><span>Camera trước:</span>\r\n<div>8 MP</div>\r\n</li>\r\n<li class="g6059"><span>CPU:</span>\r\n<div><a href="https://www.thegioididong.com/tin-tuc/samsung-trinh-lang-chip-exynos-8895-danh-cho-smartphone-953561" target="_blank">Exynos 8895 8 nh&acirc;n 64-bit</a></div>\r\n</li>\r\n<li class="g50"><span>RAM:</span>\r\n<div>4 GB</div>\r\n</li>\r\n<li class="g49"><span>Bộ nhớ trong:</span>\r\n<div>64 GB</div>\r\n</li>\r\n<li class="g52"><span>Thẻ nhớ:</span>\r\n<div>MicroSD, hỗ trợ tối đa 256 GB</div>\r\n</li>\r\n<li class="g6339"><span>Thẻ SIM:</span>\r\n<div><span>2 SIM Nano (SIM 2 chung khe thẻ nhớ), hỗ trợ 4G</span></div>\r\n</li>\r\n<li class="g84"><span>Dung lượng pin:</span>\r\n<div><span>3000 mAh, c&oacute; sạc nhanh</span></div>\r\n</li>\r\n</ul>', 11, 26, 10, '12 tháng'),
(31, 'Điện thoại Samsung Galaxy S7', 'uploads/20170524071923samsung-galaxy-s7-2-400x460.png', 12990000, '<ul class="parameter">\r\n<li class="g6459_79_77"><span>M&agrave;n h&igrave;nh:</span>\r\n<div><a href="https://www.thegioididong.com/hoi-dap/man-hinh-super-amoled-la-gi-905770" target="_blank">Super AMOLED</a>, 5.1",&nbsp;<a href="https://www.thegioididong.com/tin-tuc/do-phan-giai-man-hinh-qhd-hd-fullhd-2k-4k-la-gi--592178#4k" target="_blank">Quad HD (2K)</a></div>\r\n</li>\r\n<li class="g72"><span>Hệ điều h&agrave;nh:</span>\r\n<div><a href="https://www.thegioididong.com/hoi-dap/android-6-marshmallow-co-gi-hot-726146" target="_blank">Android 6.0 (Marshmallow)</a></div>\r\n</li>\r\n<li class="g27"><span>Camera sau:</span>\r\n<div>12 MP</div>\r\n</li>\r\n<li class="g29"><span>Camera trước:</span>\r\n<div>5 MP</div>\r\n</li>\r\n<li class="g6059"><span>CPU:</span>\r\n<div><a href="https://www.thegioididong.com/hoi-dap/exynos-8890-817132" target="_blank">Exynos 8890 8 nh&acirc;n 64-bit</a></div>\r\n</li>\r\n<li class="g50"><span>RAM:</span>\r\n<div>4 GB</div>\r\n</li>\r\n<li class="g49"><span>Bộ nhớ trong:</span>\r\n<div>32 GB</div>\r\n</li>\r\n<li class="g52"><span>Thẻ nhớ:</span>\r\n<div>MicroSD, hỗ trợ tối đa 256 GB</div>\r\n</li>\r\n<li class="g6339"><span>Thẻ SIM:</span>\r\n<div><span>2 SIM Nano (SIM 2 chung khe thẻ nhớ), hỗ trợ 4G</span></div>\r\n</li>\r\n<li class="g84"><span>Dung lượng pin:</span>\r\n<div><span>3000 mAh, c&oacute; sạc nhanh</span></div>\r\n</li>\r\n</ul>', 11, 27, 10, '12 tháng'),
(32, 'Điện thoại Samsung Galaxy Note 5', 'uploads/20170524072030samsung-galaxy-note-5-1-400x534-1-400x448.png', 12490000, '<ul class="parameter">\r\n<li class="g6459_79_77"><span>M&agrave;n h&igrave;nh:</span>\r\n<div><a href="https://www.thegioididong.com/hoi-dap/man-hinh-super-amoled-la-gi-905770" target="_blank">Super AMOLED</a>, 5.7",&nbsp;<a href="https://www.thegioididong.com/tin-tuc/do-phan-giai-man-hinh-qhd-hd-fullhd-2k-4k-la-gi--592178#4k" target="_blank">Quad HD (2K)</a></div>\r\n</li>\r\n<li class="g72"><span>Hệ điều h&agrave;nh:</span>\r\n<div><a href="https://www.thegioididong.com/hoi-dap/android-6-marshmallow-co-gi-hot-726146" target="_blank">Android 6.0 (Marshmallow)</a></div>\r\n</li>\r\n<li class="g27"><span>Camera sau:</span>\r\n<div>16 MP</div>\r\n</li>\r\n<li class="g29"><span>Camera trước:</span>\r\n<div>5 MP</div>\r\n</li>\r\n<li class="g6059"><span>CPU:</span>\r\n<div><a href="https://www.thegioididong.com/hoi-dap/suc-manh-cua-chipset-exynos-7420-tren-samsung-gala-629803" target="_blank">Exynos 7420 8 nh&acirc;n 64-bit</a></div>\r\n</li>\r\n<li class="g50"><span>RAM:</span>\r\n<div>4 GB</div>\r\n</li>\r\n<li class="g49"><span>Bộ nhớ trong:</span>\r\n<div>32 GB</div>\r\n</li>\r\n<li class="g52"><span>Thẻ nhớ:</span>\r\n<div>Kh&ocirc;ng</div>\r\n</li>\r\n<li class="g6339"><span>Thẻ SIM:</span>\r\n<div><span><a href="https://www.thegioididong.com/tin-tuc/tim-hieu-cac-loai-sim-thong-dung-sim-thuong-micro--590216#nanosim" target="_blank">1 Nano SIM</a>, hỗ trợ 4G</span></div>\r\n</li>\r\n<li class="g84"><span>Dung lượng pin:</span>\r\n<div><span>3000 mAh, c&oacute; sạc nhanh</span></div>\r\n</li>\r\n</ul>', 11, 28, 10, '12 tháng'),
(33, 'Điện thoại Samsung Galaxy C9 Pro', 'uploads/20170524072148samsung-galaxy-c9-pro-1-400x460.png', 11490000, '<ul class="parameter">\r\n<li class="g6459_79_77"><span>M&agrave;n h&igrave;nh:</span>\r\n<div><a href="https://www.thegioididong.com/hoi-dap/man-hinh-super-amoled-la-gi-905770" target="_blank">Super AMOLED</a>, 6",&nbsp;<a href="https://www.thegioididong.com/tin-tuc/do-phan-giai-man-hinh-qhd-hd-fullhd-2k-4k-la-gi--592178#fullhd" target="_blank">Full HD</a></div>\r\n</li>\r\n<li class="g72"><span>Hệ điều h&agrave;nh:</span>\r\n<div><a href="https://www.thegioididong.com/hoi-dap/android-6-marshmallow-co-gi-hot-726146" target="_blank">Android 6.0 (Marshmallow)</a></div>\r\n</li>\r\n<li class="g27"><span>Camera sau:</span>\r\n<div>16 MP</div>\r\n</li>\r\n<li class="g29"><span>Camera trước:</span>\r\n<div>16 MP</div>\r\n</li>\r\n<li class="g6059"><span>CPU:</span>\r\n<div><a href="https://www.thegioididong.com/hoi-dap/chip-xu-ly-snapdragon-653-912378" target="_blank">Snapdragon 653 8 nh&acirc;n 64-bit</a></div>\r\n</li>\r\n<li class="g50"><span>RAM:</span>\r\n<div>6 GB</div>\r\n</li>\r\n<li class="g49"><span>Bộ nhớ trong:</span>\r\n<div>64 GB</div>\r\n</li>\r\n<li class="g52"><span>Thẻ nhớ:</span>\r\n<div>MicroSD, hỗ trợ tối đa 256 GB</div>\r\n</li>\r\n<li class="g6339"><span>Thẻ SIM:</span>\r\n<div><span>2 Nano SIM, hỗ trợ 4G</span></div>\r\n</li>\r\n<li class="g84"><span>Dung lượng pin:</span>\r\n<div><span>4000 mAh, c&oacute; sạc nhanh</span></div>\r\n</li>\r\n</ul>', 11, 29, 10, '12 tháng'),
(34, 'Điện thoại Samsung Galaxy A7 (2017)', 'uploads/20170524072333samsung-galaxy-a7-2017-2-400x460.png', 10990000, '<ul class="parameter">\r\n<li class="g6459_79_77"><span>M&agrave;n h&igrave;nh:</span>\r\n<div><a href="https://www.thegioididong.com/hoi-dap/man-hinh-super-amoled-la-gi-905770" target="_blank">Super AMOLED</a>, 5.7",&nbsp;<a href="https://www.thegioididong.com/tin-tuc/do-phan-giai-man-hinh-qhd-hd-fullhd-2k-4k-la-gi--592178#fullhd" target="_blank">Full HD</a></div>\r\n</li>\r\n<li class="g72"><span>Hệ điều h&agrave;nh:</span>\r\n<div><a href="https://www.thegioididong.com/hoi-dap/android-6-marshmallow-co-gi-hot-726146" target="_blank">Android 6.0 (Marshmallow)</a></div>\r\n</li>\r\n<li class="g27"><span>Camera sau:</span>\r\n<div>16 MP</div>\r\n</li>\r\n<li class="g29"><span>Camera trước:</span>\r\n<div>16 MP</div>\r\n</li>\r\n<li class="g6059"><span>CPU:</span>\r\n<div><a href="https://www.thegioididong.com/tin-tuc/vi-xu-ly-exynos-7880-tren-galaxy-a-2017-tot-co-nao--944487" target="_blank">Exynos 7880 8 nh&acirc;n 64-bit</a></div>\r\n</li>\r\n<li class="g50"><span>RAM:</span>\r\n<div>3 GB</div>\r\n</li>\r\n<li class="g49"><span>Bộ nhớ trong:</span>\r\n<div>32 GB</div>\r\n</li>\r\n<li class="g52"><span>Thẻ nhớ:</span>\r\n<div>MicroSD, hỗ trợ tối đa 256 GB</div>\r\n</li>\r\n<li class="g6339"><span>Thẻ SIM:</span>\r\n<div><span>2 Nano SIM, hỗ trợ 4G</span></div>\r\n</li>\r\n<li class="g84"><span>Dung lượng pin:</span>\r\n<div><span>3600 mAh, c&oacute; sạc nhanh</span></div>\r\n</li>\r\n</ul>', 11, 30, 10, '12 tháng'),
(35, 'Điện thoại Samsung Galaxy A9 Pro', 'uploads/20170524072443samsung-galaxy-a9-pro-1-400x460.png', 10990000, '<ul class="parameter">\r\n<li class="g6459_79_77"><span>M&agrave;n h&igrave;nh:</span>\r\n<div><a href="https://www.thegioididong.com/hoi-dap/man-hinh-super-amoled-la-gi-905770" target="_blank">Super AMOLED</a>, 6",&nbsp;<a href="https://www.thegioididong.com/tin-tuc/do-phan-giai-man-hinh-qhd-hd-fullhd-2k-4k-la-gi--592178#fullhd" target="_blank">Full HD</a></div>\r\n</li>\r\n<li class="g72"><span>Hệ điều h&agrave;nh:</span>\r\n<div><a href="https://www.thegioididong.com/hoi-dap/android-6-marshmallow-co-gi-hot-726146" target="_blank">Android 6.0 (Marshmallow)</a></div>\r\n</li>\r\n<li class="g27"><span>Camera sau:</span>\r\n<div>16 MP</div>\r\n</li>\r\n<li class="g29"><span>Camera trước:</span>\r\n<div>8 MP</div>\r\n</li>\r\n<li class="g6059"><span>CPU:</span>\r\n<div><a href="https://www.thegioididong.com/hoi-dap/qualcom-snapdragon-652-va-adreno-510-762187" target="_blank">Qualcomm Snapdragon 652 8 nh&acirc;n</a></div>\r\n</li>\r\n<li class="g50"><span>RAM:</span>\r\n<div>4 GB</div>\r\n</li>\r\n<li class="g49"><span>Bộ nhớ trong:</span>\r\n<div>32 GB</div>\r\n</li>\r\n<li class="g52"><span>Thẻ nhớ:</span>\r\n<div>MicroSD, hỗ trợ tối đa 256 GB</div>\r\n</li>\r\n<li class="g6339"><span>Thẻ SIM:</span>\r\n<div>2 Nano SIM</div>\r\n</li>\r\n<li class="g84"><span>Dung lượng pin:</span>\r\n<div><span>5000 mAh, c&oacute; sạc nhanh</span></div>\r\n</li>\r\n</ul>', 11, 31, 10, '12 tháng'),
(36, 'Điện thoại Samsung Galaxy A5 (2017)', 'uploads/20170524072602samsung-galaxy-a5-2017-400x460.png', 8990000, '<ul class="parameter">\r\n<li class="g6459_79_77"><span>M&agrave;n h&igrave;nh:</span>\r\n<div><a href="https://www.thegioididong.com/hoi-dap/man-hinh-super-amoled-la-gi-905770" target="_blank">Super AMOLED</a>, 5.2",&nbsp;<a href="https://www.thegioididong.com/tin-tuc/do-phan-giai-man-hinh-qhd-hd-fullhd-2k-4k-la-gi--592178#fullhd" target="_blank">Full HD</a></div>\r\n</li>\r\n<li class="g72"><span>Hệ điều h&agrave;nh:</span>\r\n<div><a href="https://www.thegioididong.com/hoi-dap/android-6-marshmallow-co-gi-hot-726146" target="_blank">Android 6.0 (Marshmallow)</a></div>\r\n</li>\r\n<li class="g27"><span>Camera sau:</span>\r\n<div>16 MP</div>\r\n</li>\r\n<li class="g29"><span>Camera trước:</span>\r\n<div>16 MP</div>\r\n</li>\r\n<li class="g6059"><span>CPU:</span>\r\n<div><a href="https://www.thegioididong.com/tin-tuc/vi-xu-ly-exynos-7880-tren-galaxy-a-2017-tot-co-nao--944487" target="_blank">Exynos 7880 8 nh&acirc;n 64-bit</a></div>\r\n</li>\r\n<li class="g50"><span>RAM:</span>\r\n<div>3 GB</div>\r\n</li>\r\n<li class="g49"><span>Bộ nhớ trong:</span>\r\n<div>32 GB</div>\r\n</li>\r\n<li class="g52"><span>Thẻ nhớ:</span>\r\n<div>MicroSD, hỗ trợ tối đa 256 GB</div>\r\n</li>\r\n<li class="g6339"><span>Thẻ SIM:</span>\r\n<div><span>2 Nano SIM, hỗ trợ 4G</span></div>\r\n</li>\r\n<li class="g84"><span>Dung lượng pin:</span>\r\n<div><span>3000 mAh, c&oacute; sạc nhanh</span></div>\r\n</li>\r\n</ul>', 11, 32, 10, '12 tháng');
INSERT INTO `sp` (`id_sp`, `tensp`, `hinhanh`, `gia`, `mota`, `id_loaisp`, `thutu`, `soluong`, `baohanh`) VALUES
(37, 'Điện thoại Samsung Galaxy A7 (2016)', 'uploads/20170524072723samsung-galaxy-a7-2016-1-400x460-400x460.png', 8990000, '<ul class="parameter">\r\n<li class="g6459_79_77"><span>M&agrave;n h&igrave;nh:</span>\r\n<div><a href="https://www.thegioididong.com/hoi-dap/man-hinh-super-amoled-la-gi-905770" target="_blank">Super AMOLED</a>, 5.5",&nbsp;<a href="https://www.thegioididong.com/tin-tuc/do-phan-giai-man-hinh-qhd-hd-fullhd-2k-4k-la-gi--592178#fullhd" target="_blank">Full HD</a></div>\r\n</li>\r\n<li class="g72"><span>Hệ điều h&agrave;nh:</span>\r\n<div><a href="https://www.thegioididong.com/hoi-dap/android-51-co-thay-doi-gi-moi-658189" target="_blank">Android 5.1 (Lollipop)</a></div>\r\n</li>\r\n<li class="g27"><span>Camera sau:</span>\r\n<div>13 MP</div>\r\n</li>\r\n<li class="g29"><span>Camera trước:</span>\r\n<div>5 MP</div>\r\n</li>\r\n<li class="g6059"><span>CPU:</span>\r\n<div><a href="https://www.thegioididong.com/hoi-dap/samsung-exynos-7580-839799" target="_blank">Exynos 7580 8 nh&acirc;n 64-bit</a></div>\r\n</li>\r\n<li class="g50"><span>RAM:</span>\r\n<div>3 GB</div>\r\n</li>\r\n<li class="g49"><span>Bộ nhớ trong:</span>\r\n<div>16 GB</div>\r\n</li>\r\n<li class="g52"><span>Thẻ nhớ:</span>\r\n<div>MicroSD, hỗ trợ tối đa 128 GB</div>\r\n</li>\r\n<li class="g6339"><span>Thẻ SIM:</span>\r\n<div><span>2 Nano SIM, hỗ trợ 4G</span></div>\r\n</li>\r\n<li class="g84"><span>Dung lượng pin:</span>\r\n<div><span>3300 mAh, c&oacute; sạc nhanh</span></div>\r\n</li>\r\n</ul>', 11, 33, 10, '12 tháng'),
(38, 'Điện thoại Samsung Galaxy A5 2016', 'uploads/20170524072834samsung-galaxy-a5-2016-400x460.png', 6790000, '<ul class="parameter">\r\n<li class="g6459_79_77"><span>M&agrave;n h&igrave;nh:</span>\r\n<div><a href="https://www.thegioididong.com/hoi-dap/man-hinh-super-amoled-la-gi-905770" target="_blank">Super AMOLED</a>, 5.2",&nbsp;<a href="https://www.thegioididong.com/tin-tuc/do-phan-giai-man-hinh-qhd-hd-fullhd-2k-4k-la-gi--592178#fullhd" target="_blank">Full HD</a></div>\r\n</li>\r\n<li class="g72"><span>Hệ điều h&agrave;nh:</span>\r\n<div><a href="https://www.thegioididong.com/hoi-dap/android-51-co-thay-doi-gi-moi-658189" target="_blank">Android 5.1 (Lollipop)</a></div>\r\n</li>\r\n<li class="g27"><span>Camera sau:</span>\r\n<div>13 MP</div>\r\n</li>\r\n<li class="g29"><span>Camera trước:</span>\r\n<div>5 MP</div>\r\n</li>\r\n<li class="g6059"><span>CPU:</span>\r\n<div><a href="https://www.thegioididong.com/hoi-dap/samsung-exynos-7580-839799" target="_blank">Exynos 7580 8 nh&acirc;n 64-bit</a></div>\r\n</li>\r\n<li class="g50"><span>RAM:</span>\r\n<div>2 GB</div>\r\n</li>\r\n<li class="g49"><span>Bộ nhớ trong:</span>\r\n<div>16 GB</div>\r\n</li>\r\n<li class="g52"><span>Thẻ nhớ:</span>\r\n<div>MicroSD, hỗ trợ tối đa 128 GB</div>\r\n</li>\r\n<li class="g6339"><span>Thẻ SIM:</span>\r\n<div><span>2 Nano SIM, hỗ trợ 4G</span></div>\r\n</li>\r\n<li class="g84"><span>Dung lượng pin:</span>\r\n<div><span>2900 mAh, c&oacute; sạc nhanh</span></div>\r\n</li>\r\n</ul>', 11, 34, 10, '12 tháng'),
(39, 'Điện thoại Samsung Galaxy A3 (2017)', 'uploads/20170524072934samsung-galaxy-a3-2017-2-400x460.png', 6490000, '<ul class="parameter">\r\n<li class="g6459_79_77"><span>M&agrave;n h&igrave;nh:</span>\r\n<div><a href="https://www.thegioididong.com/hoi-dap/man-hinh-super-amoled-la-gi-905770" target="_blank">Super AMOLED</a>, 4.7",&nbsp;<a href="https://www.thegioididong.com/tin-tuc/do-phan-giai-man-hinh-qhd-hd-fullhd-2k-4k-la-gi--592178#hd" target="_blank">HD</a></div>\r\n</li>\r\n<li class="g72"><span>Hệ điều h&agrave;nh:</span>\r\n<div><a href="https://www.thegioididong.com/hoi-dap/android-6-marshmallow-co-gi-hot-726146" target="_blank">Android 6.0 (Marshmallow)</a></div>\r\n</li>\r\n<li class="g27"><span>Camera sau:</span>\r\n<div>13 MP</div>\r\n</li>\r\n<li class="g29"><span>Camera trước:</span>\r\n<div>8 MP</div>\r\n</li>\r\n<li class="g6059"><span>CPU:</span>\r\n<div><a href="https://www.thegioididong.com/hoi-dap/samsung-exynos-7870-843409" target="_blank">Exynos 7870 8 nh&acirc;n 64-bit</a></div>\r\n</li>\r\n<li class="g50"><span>RAM:</span>\r\n<div>2 GB</div>\r\n</li>\r\n<li class="g49"><span>Bộ nhớ trong:</span>\r\n<div>16 GB</div>\r\n</li>\r\n<li class="g52"><span>Thẻ nhớ:</span>\r\n<div>MicroSD, hỗ trợ tối đa 256 GB</div>\r\n</li>\r\n<li class="g6339"><span>Thẻ SIM:</span>\r\n<div><span>2 Nano SIM, hỗ trợ 4G</span></div>\r\n</li>\r\n<li class="g84"><span>Dung lượng pin:</span>\r\n<div>2350 mAh</div>\r\n</li>\r\n</ul>', 11, 35, 10, '12 tháng'),
(40, 'Điện thoại Samsung Galaxy J7 Prime', 'uploads/20170524073054samsung-galaxy-j7-prime-1-400x460.png', 5990000, '<ul class="parameter">\r\n<li class="g6459_79_77"><span>M&agrave;n h&igrave;nh:</span>\r\n<div><a href="https://www.thegioididong.com/hoi-dap/cong-nghe-man-hinh-pls-lcd-la-gi-901358" target="_blank">PLS TFT LCD</a>, 5.5",&nbsp;<a href="https://www.thegioididong.com/tin-tuc/do-phan-giai-man-hinh-qhd-hd-fullhd-2k-4k-la-gi--592178#fullhd" target="_blank">Full HD</a></div>\r\n</li>\r\n<li class="g72"><span>Hệ điều h&agrave;nh:</span>\r\n<div><a href="https://www.thegioididong.com/hoi-dap/android-6-marshmallow-co-gi-hot-726146" target="_blank">Android 6.0 (Marshmallow)</a></div>\r\n</li>\r\n<li class="g27"><span>Camera sau:</span>\r\n<div>13 MP</div>\r\n</li>\r\n<li class="g29"><span>Camera trước:</span>\r\n<div>8 MP</div>\r\n</li>\r\n<li class="g6059"><span>CPU:</span>\r\n<div><a href="https://www.thegioididong.com/hoi-dap/samsung-exynos-7870-843409" target="_blank">Exynos 7870 8 nh&acirc;n 64-bit</a></div>\r\n</li>\r\n<li class="g50"><span>RAM:</span>\r\n<div>3 GB</div>\r\n</li>\r\n<li class="g49"><span>Bộ nhớ trong:</span>\r\n<div>32 GB</div>\r\n</li>\r\n<li class="g52"><span>Thẻ nhớ:</span>\r\n<div>MicroSD, hỗ trợ tối đa 256 GB</div>\r\n</li>\r\n<li class="g6339"><span>Thẻ SIM:</span>\r\n<div><span>2 Nano SIM, hỗ trợ 4G</span></div>\r\n</li>\r\n<li class="g84"><span>Dung lượng pin:</span>\r\n<div>3300 mAh</div>\r\n</li>\r\n</ul>', 11, 36, 10, '12 tháng'),
(41, 'Điện thoại Samsung Galaxy A3 2016', 'uploads/20170524073202samsung-galaxy-a3-2016-400x460.png', 5690000, '<ul class="parameter">\r\n<li class="g6459_79_77"><span>M&agrave;n h&igrave;nh:</span>\r\n<div><a href="https://www.thegioididong.com/hoi-dap/man-hinh-super-amoled-la-gi-905770" target="_blank">Super AMOLED</a>, 4.7",&nbsp;<a href="https://www.thegioididong.com/tin-tuc/do-phan-giai-man-hinh-qhd-hd-fullhd-2k-4k-la-gi--592178#hd" target="_blank">HD</a></div>\r\n</li>\r\n<li class="g72"><span>Hệ điều h&agrave;nh:</span>\r\n<div><a href="https://www.thegioididong.com/hoi-dap/android-51-co-thay-doi-gi-moi-658189" target="_blank">Android 5.1 (Lollipop)</a></div>\r\n</li>\r\n<li class="g27"><span>Camera sau:</span>\r\n<div>13 MP</div>\r\n</li>\r\n<li class="g29"><span>Camera trước:</span>\r\n<div>5 MP</div>\r\n</li>\r\n<li class="g6059"><span>CPU:</span>\r\n<div><a href="https://www.thegioididong.com/hoi-dap/samsung-exynos-7578-839816" target="_blank">Exynos 7578 4 nh&acirc;n 64-bit</a></div>\r\n</li>\r\n<li class="g50"><span>RAM:</span>\r\n<div>1.5 GB</div>\r\n</li>\r\n<li class="g49"><span>Bộ nhớ trong:</span>\r\n<div>16 GB</div>\r\n</li>\r\n<li class="g52"><span>Thẻ nhớ:</span>\r\n<div>Chưa x&aacute;c định</div>\r\n</li>\r\n<li class="g6339"><span>Thẻ SIM:</span>\r\n<div><span>2 SIM Nano (SIM 2 chung khe thẻ nhớ), hỗ trợ 4G</span></div>\r\n</li>\r\n<li class="g84"><span>Dung lượng pin:</span>\r\n<div>2300 mAh</div>\r\n</li>\r\n</ul>', 11, 37, 10, '12 tháng'),
(42, 'Điện thoại Samsung Galaxy J5 Prime', 'uploads/20170524073321samsung-galaxy-j5-prime-heroproduct-400x460.png', 4690000, '<ul class="parameter">\r\n<li class="g6459_79_77"><span>M&agrave;n h&igrave;nh:</span>\r\n<div><a href="https://www.thegioididong.com/hoi-dap/cong-nghe-man-hinh-pls-lcd-la-gi-901358" target="_blank">PLS TFT LCD</a>, 5",&nbsp;<a href="https://www.thegioididong.com/tin-tuc/do-phan-giai-man-hinh-qhd-hd-fullhd-2k-4k-la-gi--592178#hd" target="_blank">HD</a></div>\r\n</li>\r\n<li class="g72"><span>Hệ điều h&agrave;nh:</span>\r\n<div><a href="https://www.thegioididong.com/hoi-dap/android-6-marshmallow-co-gi-hot-726146" target="_blank">Android 6.0 (Marshmallow)</a></div>\r\n</li>\r\n<li class="g27"><span>Camera sau:</span>\r\n<div>13 MP</div>\r\n</li>\r\n<li class="g29"><span>Camera trước:</span>\r\n<div>5 MP</div>\r\n</li>\r\n<li class="g6059"><span>CPU:</span>\r\n<div><a href="https://www.thegioididong.com/hoi-dap/tim-hieu-chip-exynos-7570-931377" target="_blank">Exynos 7570 4 nh&acirc;n 64-bit</a></div>\r\n</li>\r\n<li class="g50"><span>RAM:</span>\r\n<div>2 GB</div>\r\n</li>\r\n<li class="g49"><span>Bộ nhớ trong:</span>\r\n<div>16 GB</div>\r\n</li>\r\n<li class="g52"><span>Thẻ nhớ:</span>\r\n<div>MicroSD, hỗ trợ tối đa 256 GB</div>\r\n</li>\r\n<li class="g6339"><span>Thẻ SIM:</span>\r\n<div><span>2 Nano SIM, hỗ trợ 4G</span></div>\r\n</li>\r\n<li class="g84"><span>Dung lượng pin:</span>\r\n<div>2400 mAh</div>\r\n</li>\r\n</ul>', 11, 38, 10, '12 tháng'),
(43, 'Điện thoại Samsung Galaxy J7', 'uploads/20170524073458samsung-galaxy-j7-1-400x533.png', 4190000, '<ul class="parameter">\r\n<li class="g6459_79_77"><span>M&agrave;n h&igrave;nh:</span>\r\n<div><a href="https://www.thegioididong.com/hoi-dap/man-hinh-super-amoled-la-gi-905770" target="_blank">Super AMOLED</a>, 5.5",&nbsp;<a href="https://www.thegioididong.com/tin-tuc/do-phan-giai-man-hinh-qhd-hd-fullhd-2k-4k-la-gi--592178#hd" target="_blank">HD</a></div>\r\n</li>\r\n<li class="g72"><span>Hệ điều h&agrave;nh:</span>\r\n<div><a href="https://www.thegioididong.com/hoi-dap/android-51-co-thay-doi-gi-moi-658189" target="_blank">Android 5.1 (Lollipop)</a></div>\r\n</li>\r\n<li class="g27"><span>Camera sau:</span>\r\n<div>13 MP</div>\r\n</li>\r\n<li class="g29"><span>Camera trước:</span>\r\n<div>5 MP</div>\r\n</li>\r\n<li class="g6059"><span>CPU:</span>\r\n<div><a href="https://www.thegioididong.com/hoi-dap/samsung-exynos-7580-839799" target="_blank">Exynos 7580 8 nh&acirc;n 64-bit</a></div>\r\n</li>\r\n<li class="g50"><span>RAM:</span>\r\n<div>1.5 GB</div>\r\n</li>\r\n<li class="g49"><span>Bộ nhớ trong:</span>\r\n<div>16 GB</div>\r\n</li>\r\n<li class="g52"><span>Thẻ nhớ:</span>\r\n<div>MicroSD, hỗ trợ tối đa 128 GB</div>\r\n</li>\r\n<li class="g6339"><span>Thẻ SIM:</span>\r\n<div>2 Micro SIM</div>\r\n</li>\r\n<li class="g84"><span>Dung lượng pin:</span>\r\n<div>3000 mAh</div>\r\n</li>\r\n</ul>', 11, 39, 10, '12 tháng'),
(44, 'Điện thoại Samsung Galaxy J5', 'uploads/20170524073614samsung-galaxy-j5-1-400x533.png', 3390000, '<ul class="parameter">\r\n<li class="g6459_79_77"><span>M&agrave;n h&igrave;nh:</span>\r\n<div><a href="https://www.thegioididong.com/hoi-dap/man-hinh-super-amoled-la-gi-905770" target="_blank">Super AMOLED</a>, 5",&nbsp;<a href="https://www.thegioididong.com/tin-tuc/do-phan-giai-man-hinh-qhd-hd-fullhd-2k-4k-la-gi--592178#hd" target="_blank">HD</a></div>\r\n</li>\r\n<li class="g72"><span>Hệ điều h&agrave;nh:</span>\r\n<div><a href="https://www.thegioididong.com/hoi-dap/android-51-co-thay-doi-gi-moi-658189" target="_blank">Android 5.1 (Lollipop)</a></div>\r\n</li>\r\n<li class="g27"><span>Camera sau:</span>\r\n<div>13 MP</div>\r\n</li>\r\n<li class="g29"><span>Camera trước:</span>\r\n<div>5 MP</div>\r\n</li>\r\n<li class="g6059"><span>CPU:</span>\r\n<div><a href="https://www.thegioididong.com/tin-tuc/vi-xu-ly-di-dong-snapdragon-410-610-801-805-808-81-599368#snapdragon410" target="_blank">Qualcomm Snapdragon 410 4 nh&acirc;n 64-bit</a></div>\r\n</li>\r\n<li class="g50"><span>RAM:</span>\r\n<div>1.5 GB</div>\r\n</li>\r\n<li class="g49"><span>Bộ nhớ trong:</span>\r\n<div>8 GB</div>\r\n</li>\r\n<li class="g52"><span>Thẻ nhớ:</span>\r\n<div>Chưa x&aacute;c định</div>\r\n</li>\r\n<li class="g6339"><span>Thẻ SIM:</span>\r\n<div>2 Micro SIM</div>\r\n</li>\r\n<li class="g84"><span>Dung lượng pin:</span>\r\n<div>2600 mAh</div>\r\n</li>\r\n</ul>', 11, 40, 9, '12 tháng'),
(45, 'Điện thoại Samsung Galaxy J3 LTE', 'uploads/20170524073752samsung-galaxy-j3-lte-hero-400x460.png', 3290000, '<ul class="parameter">\r\n<li class="g6459_79_77"><span>M&agrave;n h&igrave;nh:</span>\r\n<div><a href="https://www.thegioididong.com/hoi-dap/man-hinh-super-amoled-la-gi-905770" target="_blank">Super AMOLED</a>, 5",&nbsp;<a href="https://www.thegioididong.com/tin-tuc/do-phan-giai-man-hinh-qhd-hd-fullhd-2k-4k-la-gi--592178#hd" target="_blank">HD</a></div>\r\n</li>\r\n<li class="g72"><span>Hệ điều h&agrave;nh:</span>\r\n<div><a href="https://www.thegioididong.com/hoi-dap/android-51-co-thay-doi-gi-moi-658189" target="_blank">Android 5.1 (Lollipop)</a></div>\r\n</li>\r\n<li class="g27"><span>Camera sau:</span>\r\n<div>8 MP</div>\r\n</li>\r\n<li class="g29"><span>Camera trước:</span>\r\n<div>5 MP</div>\r\n</li>\r\n<li class="g6059"><span>CPU:</span>\r\n<div><a href="https://www.thegioididong.com/hoi-dap/danh-gia-spreadtrum-sc7731g-896997" target="_blank">Spreadtrum SC7731 4 nh&acirc;n 32-bit</a></div>\r\n</li>\r\n<li class="g50"><span>RAM:</span>\r\n<div>1.5 GB</div>\r\n</li>\r\n<li class="g49"><span>Bộ nhớ trong:</span>\r\n<div>8 GB</div>\r\n</li>\r\n<li class="g52"><span>Thẻ nhớ:</span>\r\n<div>MicroSD, hỗ trợ tối đa 128 GB</div>\r\n</li>\r\n<li class="g6339"><span>Thẻ SIM:</span>\r\n<div><span>2 Micro SIM, hỗ trợ 4G</span></div>\r\n</li>\r\n<li class="g84"><span>Dung lượng pin:</span>\r\n<div>2600 mAh</div>\r\n</li>\r\n</ul>', 11, 41, 10, '12 tháng'),
(46, 'Điện thoại Samsung Galaxy J2 Prime', 'uploads/20170524073913samsung-galaxy-j2-prime-1-400x460.png', 2690000, '<ul class="parameter">\r\n<li class="g6459_79_77"><span>M&agrave;n h&igrave;nh:</span>\r\n<div><a href="https://www.thegioididong.com/hoi-dap/cong-nghe-man-hinh-pls-lcd-la-gi-901358" target="_blank">PLS TFT LCD</a>, 5",&nbsp;<a href="https://www.thegioididong.com/tin-tuc/do-phan-giai-man-hinh-qhd-hd-fullhd-2k-4k-la-gi--592178#qhd" target="_blank">qHD</a></div>\r\n</li>\r\n<li class="g72"><span>Hệ điều h&agrave;nh:</span>\r\n<div><a href="https://www.thegioididong.com/hoi-dap/android-6-marshmallow-co-gi-hot-726146" target="_blank">Android 6.0 (Marshmallow)</a></div>\r\n</li>\r\n<li class="g27"><span>Camera sau:</span>\r\n<div>8 MP</div>\r\n</li>\r\n<li class="g29"><span>Camera trước:</span>\r\n<div>5 MP</div>\r\n</li>\r\n<li class="g6059"><span>CPU:</span>\r\n<div><a href="https://www.thegioididong.com/hoi-dap/mediatek-mt6737-837959" target="_blank">MT6737 4 nh&acirc;n</a></div>\r\n</li>\r\n<li class="g50"><span>RAM:</span>\r\n<div>1.5 GB</div>\r\n</li>\r\n<li class="g49"><span>Bộ nhớ trong:</span>\r\n<div>8 GB</div>\r\n</li>\r\n<li class="g52"><span>Thẻ nhớ:</span>\r\n<div>MicroSD, hỗ trợ tối đa 256 GB</div>\r\n</li>\r\n<li class="g6339"><span>Thẻ SIM:</span>\r\n<div><span>2 Micro SIM, hỗ trợ 4G</span></div>\r\n</li>\r\n<li class="g84"><span>Dung lượng pin:</span>\r\n<div>2600 mAh</div>\r\n</li>\r\n</ul>', 11, 42, 10, '12 tháng'),
(47, 'Điện thoại Samsung Galaxy J1 (2016)', 'uploads/20170524074117galaxy-j1-2016-1-400x460.png', 2190000, '<ul class="parameter">\r\n<li class="g6459_79_77"><span>M&agrave;n h&igrave;nh:</span>\r\n<div><a href="https://www.thegioididong.com/hoi-dap/man-hinh-super-amoled-la-gi-905770" target="_blank">Super AMOLED</a>, 4.5",&nbsp;<a href="https://www.thegioididong.com/tin-tuc/do-phan-giai-man-hinh-qhd-hd-fullhd-2k-4k-la-gi--592178#wvga" target="_blank">WVGA</a></div>\r\n</li>\r\n<li class="g72"><span>Hệ điều h&agrave;nh:</span>\r\n<div><a href="https://www.thegioididong.com/hoi-dap/android-51-co-thay-doi-gi-moi-658189" target="_blank">Android 5.1 (Lollipop)</a></div>\r\n</li>\r\n<li class="g27"><span>Camera sau:</span>\r\n<div>5 MP</div>\r\n</li>\r\n<li class="g29"><span>Camera trước:</span>\r\n<div>2 MP</div>\r\n</li>\r\n<li class="g6059"><span>CPU:</span>\r\n<div><a href="https://www.thegioididong.com/hoi-dap/danh-gia-spreadtrum-sc7731g-896997" target="_blank">Spreadtrum SC7731 4 nh&acirc;n 32-bit</a></div>\r\n</li>\r\n<li class="g50"><span>RAM:</span>\r\n<div>1 GB</div>\r\n</li>\r\n<li class="g49"><span>Bộ nhớ trong:</span>\r\n<div>8 GB</div>\r\n</li>\r\n<li class="g52"><span>Thẻ nhớ:</span>\r\n<div>MicroSD, hỗ trợ tối đa 128 GB</div>\r\n</li>\r\n<li class="g6339"><span>Thẻ SIM:</span>\r\n<div>2 Micro SIM</div>\r\n</li>\r\n<li class="g84"><span>Dung lượng pin:</span>\r\n<div>2050 mAh</div>\r\n</li>\r\n</ul>', 11, 43, 10, '12 tháng'),
(48, 'Điện thoại LG X Power', 'uploads/20170524074506lg-x-power-400-400x460.png', 3490000, '<ul class="parameter">\r\n<li class="g6459_79_77"><span>M&agrave;n h&igrave;nh:</span>\r\n<div><a href="https://www.thegioididong.com/hoi-dap/man-hinh-ips-lcd-la-gi-905752" target="_blank">IPS LCD</a>, 5.3",&nbsp;<a href="https://www.thegioididong.com/tin-tuc/do-phan-giai-man-hinh-qhd-hd-fullhd-2k-4k-la-gi--592178#hd" target="_blank">HD</a></div>\r\n</li>\r\n<li class="g72"><span>Hệ điều h&agrave;nh:</span>\r\n<div><a href="https://www.thegioididong.com/hoi-dap/android-6-marshmallow-co-gi-hot-726146" target="_blank">Android 6.0 (Marshmallow)</a></div>\r\n</li>\r\n<li class="g27"><span>Camera sau:</span>\r\n<div>13 MP</div>\r\n</li>\r\n<li class="g29"><span>Camera trước:</span>\r\n<div>5 MP</div>\r\n</li>\r\n<li class="g6059"><span>CPU:</span>\r\n<div><a href="https://www.thegioididong.com/tin-tuc/smartphone-gia-re-chay-chip-64-bit-se-tro-nen-pho--574913" target="_blank">MT6735 4 nh&acirc;n 64-bit</a></div>\r\n</li>\r\n<li class="g50"><span>RAM:</span>\r\n<div>2 GB</div>\r\n</li>\r\n<li class="g49"><span>Bộ nhớ trong:</span>\r\n<div>16 GB</div>\r\n</li>\r\n<li class="g52"><span>Thẻ nhớ:</span>\r\n<div>MicroSD, hỗ trợ tối đa 256 GB</div>\r\n</li>\r\n<li class="g6339"><span>Thẻ SIM:</span>\r\n<div><span>2 Nano SIM, hỗ trợ 4G</span></div>\r\n</li>\r\n<li class="g84"><span>Dung lượng pin:</span>\r\n<div><span>4100 mAh, c&oacute; sạc nhanh</span></div>\r\n</li>\r\n</ul>', 3, 44, 10, '12 tháng'),
(49, 'Điện thoại LG K10', 'uploads/20170524074601lg-k10-400-460-400x460.png', 2490000, '<ul class="parameter">\r\n<li class="g6459_79_77"><span>M&agrave;n h&igrave;nh:</span>\r\n<div><a href="https://www.thegioididong.com/hoi-dap/man-hinh-ips-lcd-la-gi-905752" target="_blank">IPS LCD</a>, 5.3",&nbsp;<a href="https://www.thegioididong.com/tin-tuc/do-phan-giai-man-hinh-qhd-hd-fullhd-2k-4k-la-gi--592178#hd" target="_blank">HD</a></div>\r\n</li>\r\n<li class="g72"><span>Hệ điều h&agrave;nh:</span>\r\n<div><a href="https://www.thegioididong.com/tin-tuc/he-dieu-hanh-android-qua-cac-phien-ban-cap-nhat-592544#android50" target="_blank">Android 5.0 (Lollipop)</a></div>\r\n</li>\r\n<li class="g27"><span>Camera sau:</span>\r\n<div>8 MP</div>\r\n</li>\r\n<li class="g29"><span>Camera trước:</span>\r\n<div>5 MP</div>\r\n</li>\r\n<li class="g6059"><span>CPU:</span>\r\n<div><a href="https://www.thegioididong.com/tin-tuc/tim-hieu-vi-xu-ly-tren-di-dong-chip-mediatek-592855#mt6582" target="_blank">MTK 6582 4 nh&acirc;n 32-bit</a></div>\r\n</li>\r\n<li class="g50"><span>RAM:</span>\r\n<div>1.5 GB</div>\r\n</li>\r\n<li class="g49"><span>Bộ nhớ trong:</span>\r\n<div>8 GB</div>\r\n</li>\r\n<li class="g52"><span>Thẻ nhớ:</span>\r\n<div>MicroSD, hỗ trợ tối đa 32 GB</div>\r\n</li>\r\n<li class="g6339"><span>Thẻ SIM:</span>\r\n<div>2 Nano SIM</div>\r\n</li>\r\n<li class="g84"><span>Dung lượng pin:</span>\r\n<div>2300 mAh</div>\r\n</li>\r\n</ul>', 3, 45, 9, '12 tháng'),
(50, 'Điện thoại HTC U Ultra Sapphire', 'uploads/20170524074722htc-u-ultra-sapphire-400-400x460.png', 16990000, '<ul class="parameter">\r\n<li class="g6459_79_77"><span>M&agrave;n h&igrave;nh:</span>\r\n<div><a href="https://www.thegioididong.com/hoi-dap/man-hinh-super-lcd-la-gi-905749" target="_blank">Super LCD</a>, Chính: 5.7", phụ: 2.05",&nbsp;<a href="https://www.thegioididong.com/tin-tuc/do-phan-giai-man-hinh-qhd-hd-fullhd-2k-4k-la-gi--592178#4k" target="_blank">Quad HD (2K)</a></div>\r\n</li>\r\n<li class="g72"><span>Hệ điều h&agrave;nh:</span>\r\n<div>Android 7.0</div>\r\n</li>\r\n<li class="g27"><span>Camera sau:</span>\r\n<div>12 MP</div>\r\n</li>\r\n<li class="g29"><span>Camera trước:</span>\r\n<div>16 MP</div>\r\n</li>\r\n<li class="g6059"><span>CPU:</span>\r\n<div><a href="https://www.thegioididong.com/tin-tuc/qualcomm-ra-mat-snapdragon-821-nhanh-hon-10-snapdragon-820-854763" target="_blank">Qualcomm Snapdragon 821 4 nh&acirc;n 64-bit</a></div>\r\n</li>\r\n<li class="g50"><span>RAM:</span>\r\n<div>4 GB</div>\r\n</li>\r\n<li class="g49"><span>Bộ nhớ trong:</span>\r\n<div>128 GB</div>\r\n</li>\r\n<li class="g52"><span>Thẻ nhớ:</span>\r\n<div>MicroSD, hỗ trợ tối đa 2 TB</div>\r\n</li>\r\n<li class="g6339"><span>Thẻ SIM:</span>\r\n<div><span>2 Nano SIM, hỗ trợ 4G</span></div>\r\n</li>\r\n<li class="g84"><span>Dung lượng pin:</span>\r\n<div><span>3000 mAh, c&oacute; sạc nhanh</span></div>\r\n</li>\r\n</ul>', 6, 46, 10, '12 tháng'),
(51, 'Điện thoại HTC U Ultra', 'uploads/20170524074824htc-u-ultra-2-400x460.png', 14990000, '<ul class="parameter">\r\n<li class="g6459_79_77"><span>M&agrave;n h&igrave;nh:</span>\r\n<div><a href="https://www.thegioididong.com/hoi-dap/man-hinh-super-lcd-la-gi-905749" target="_blank">Super LCD</a>, Chính: 5.7", phụ: 2.05",&nbsp;<a href="https://www.thegioididong.com/tin-tuc/do-phan-giai-man-hinh-qhd-hd-fullhd-2k-4k-la-gi--592178#4k" target="_blank">Quad HD (2K)</a></div>\r\n</li>\r\n<li class="g72"><span>Hệ điều h&agrave;nh:</span>\r\n<div>Android 7.0</div>\r\n</li>\r\n<li class="g27"><span>Camera sau:</span>\r\n<div>12 MP</div>\r\n</li>\r\n<li class="g29"><span>Camera trước:</span>\r\n<div>16 MP</div>\r\n</li>\r\n<li class="g6059"><span>CPU:</span>\r\n<div><a href="https://www.thegioididong.com/tin-tuc/qualcomm-ra-mat-snapdragon-821-nhanh-hon-10-snapdragon-820-854763" target="_blank">Qualcomm Snapdragon 821 4 nh&acirc;n 64-bit</a></div>\r\n</li>\r\n<li class="g50"><span>RAM:</span>\r\n<div>4 GB</div>\r\n</li>\r\n<li class="g49"><span>Bộ nhớ trong:</span>\r\n<div>64 GB</div>\r\n</li>\r\n<li class="g52"><span>Thẻ nhớ:</span>\r\n<div>MicroSD, hỗ trợ tối đa 2 TB</div>\r\n</li>\r\n<li class="g6339"><span>Thẻ SIM:</span>\r\n<div><span>2 Nano SIM, hỗ trợ 4G</span></div>\r\n</li>\r\n<li class="g84"><span>Dung lượng pin:</span>\r\n<div><span>3000 mAh, c&oacute; sạc nhanh</span></div>\r\n</li>\r\n</ul>', 6, 47, 9, '12 tháng'),
(52, 'Điện thoại HTC U Play', 'uploads/20170524075727htc-u-play-400x460.png', 8990000, '<ul class="parameter">\r\n<li class="g6459_79_77"><span>M&agrave;n h&igrave;nh:</span>\r\n<div><a href="https://www.thegioididong.com/hoi-dap/man-hinh-super-lcd-la-gi-905749" target="_blank">Super LCD</a>, 5.2",&nbsp;<a href="https://www.thegioididong.com/tin-tuc/do-phan-giai-man-hinh-qhd-hd-fullhd-2k-4k-la-gi--592178#fullhd" target="_blank">Full HD</a></div>\r\n</li>\r\n<li class="g72"><span>Hệ điều h&agrave;nh:</span>\r\n<div><a href="https://www.thegioididong.com/hoi-dap/android-6-marshmallow-co-gi-hot-726146" target="_blank">Android 6.0 (Marshmallow)</a></div>\r\n</li>\r\n<li class="g27"><span>Camera sau:</span>\r\n<div>16 MP</div>\r\n</li>\r\n<li class="g29"><span>Camera trước:</span>\r\n<div>16 MP</div>\r\n</li>\r\n<li class="g6059"><span>CPU:</span>\r\n<div><a href="https://www.thegioididong.com/hoi-dap/mediatek-helio-p10-839964" target="_blank">MTK Helio P10 8 nh&acirc;n 64-bit</a></div>\r\n</li>\r\n<li class="g50"><span>RAM:</span>\r\n<div>3 GB</div>\r\n</li>\r\n<li class="g49"><span>Bộ nhớ trong:</span>\r\n<div>32 GB</div>\r\n</li>\r\n<li class="g52"><span>Thẻ nhớ:</span>\r\n<div>MicroSD, hỗ trợ tối đa 2 TB</div>\r\n</li>\r\n<li class="g6339"><span>Thẻ SIM:</span>\r\n<div><span>2 Nano SIM, hỗ trợ 4G</span></div>\r\n</li>\r\n<li class="g84"><span>Dung lượng pin:</span>\r\n<div><span>2500 mAh, c&oacute; sạc nhanh</span></div>\r\n</li>\r\n</ul>', 6, 48, 10, '12 tháng'),
(53, 'Điện thoại HTC Desire 10 Pro', 'uploads/20170524075851htc-desire-10-pro-400x460.png', 7590000, '<ul class="parameter">\r\n<li class="g6459_79_77"><span>M&agrave;n h&igrave;nh:</span>\r\n<div><a href="https://www.thegioididong.com/hoi-dap/man-hinh-ips-lcd-la-gi-905752" target="_blank">IPS LCD</a>, 5.5",&nbsp;<a href="https://www.thegioididong.com/tin-tuc/do-phan-giai-man-hinh-qhd-hd-fullhd-2k-4k-la-gi--592178#fullhd" target="_blank">Full HD</a></div>\r\n</li>\r\n<li class="g72"><span>Hệ điều h&agrave;nh:</span>\r\n<div><a href="https://www.thegioididong.com/hoi-dap/android-6-marshmallow-co-gi-hot-726146" target="_blank">Android 6.0 (Marshmallow)</a></div>\r\n</li>\r\n<li class="g27"><span>Camera sau:</span>\r\n<div>20 MP</div>\r\n</li>\r\n<li class="g29"><span>Camera trước:</span>\r\n<div>13 MP</div>\r\n</li>\r\n<li class="g6059"><span>CPU:</span>\r\n<div><a href="https://www.thegioididong.com/hoi-dap/mediatek-helio-p10-839964" target="_blank">MTK Helio P10 8 nh&acirc;n 64-bit</a></div>\r\n</li>\r\n<li class="g50"><span>RAM:</span>\r\n<div>4 GB</div>\r\n</li>\r\n<li class="g49"><span>Bộ nhớ trong:</span>\r\n<div>64 GB</div>\r\n</li>\r\n<li class="g52"><span>Thẻ nhớ:</span>\r\n<div>MicroSD, hỗ trợ tối đa 2 TB</div>\r\n</li>\r\n<li class="g6339"><span>Thẻ SIM:</span>\r\n<div><span>2 Nano SIM, hỗ trợ 4G</span></div>\r\n</li>\r\n<li class="g84"><span>Dung lượng pin:</span>\r\n<div><span>3000 mAh, c&oacute; sạc nhanh</span></div>\r\n</li>\r\n</ul>', 6, 49, 10, '12 tháng'),
(54, 'Điện thoại HTC One A9', 'uploads/20170524080004htc-one-a9-2-400x460.png', 6190000, '<ul class="parameter">\r\n<li class="g6459_79_77"><span>M&agrave;n h&igrave;nh:</span>\r\n<div><a href="https://www.thegioididong.com/hoi-dap/man-hinh-amoled-la-gi-905766" target="_blank">AMOLED</a>, 5",&nbsp;<a href="https://www.thegioididong.com/tin-tuc/do-phan-giai-man-hinh-qhd-hd-fullhd-2k-4k-la-gi--592178#fullhd" target="_blank">Full HD</a></div>\r\n</li>\r\n<li class="g72"><span>Hệ điều h&agrave;nh:</span>\r\n<div><a href="https://www.thegioididong.com/hoi-dap/android-6-marshmallow-co-gi-hot-726146" target="_blank">Android 6.0 (Marshmallow)</a></div>\r\n</li>\r\n<li class="g27"><span>Camera sau:</span>\r\n<div>13 MP</div>\r\n</li>\r\n<li class="g29"><span>Camera trước:</span>\r\n<div>4 Ultra pixel</div>\r\n</li>\r\n<li class="g6059"><span>CPU:</span>\r\n<div><a href="https://www.thegioididong.com/hoi-dap/qualcomm-snapdragon-617-761303" target="_blank">Qualcomm Snapdragon 617 8 nh&acirc;n 64-bit</a></div>\r\n</li>\r\n<li class="g50"><span>RAM:</span>\r\n<div>2 GB</div>\r\n</li>\r\n<li class="g49"><span>Bộ nhớ trong:</span>\r\n<div>16 GB</div>\r\n</li>\r\n<li class="g52"><span>Thẻ nhớ:</span>\r\n<div>MicroSD, hỗ trợ tối đa 2 TB</div>\r\n</li>\r\n<li class="g6339"><span>Thẻ SIM:</span>\r\n<div><a href="https://www.thegioididong.com/tin-tuc/tim-hieu-cac-loai-sim-thong-dung-sim-thuong-micro--590216#nanosim" target="_blank">1 Nano SIM</a></div>\r\n</li>\r\n<li class="g84"><span>Dung lượng pin:</span>\r\n<div>2150 mAh</div>\r\n</li>\r\n</ul>', 6, 50, 10, '12 tháng'),
(55, 'Điện thoại HTC One ME', 'uploads/20170524080141htc-one-me9-global-gold-sepia-sketchfab-443x425.png', 5690000, '<ul class="parameter">\r\n<li class="g6459_79_77"><span>M&agrave;n h&igrave;nh:</span>\r\n<div><a href="https://www.thegioididong.com/tin-tuc/loai-man-hinh-tft-lcd-amoled-la-gi--592346#superlcd" target="_blank">Super LCD 3</a>, 5.2",&nbsp;<a href="https://www.thegioididong.com/tin-tuc/do-phan-giai-man-hinh-qhd-hd-fullhd-2k-4k-la-gi--592178#4k" target="_blank">Quad HD (2K)</a></div>\r\n</li>\r\n<li class="g72"><span>Hệ điều h&agrave;nh:</span>\r\n<div><a href="https://www.thegioididong.com/tin-tuc/he-dieu-hanh-android-qua-cac-phien-ban-cap-nhat-592544#android50" target="_blank">Android 5.0 (Lollipop)</a></div>\r\n</li>\r\n<li class="g27"><span>Camera sau:</span>\r\n<div>20 MP</div>\r\n</li>\r\n<li class="g29"><span>Camera trước:</span>\r\n<div>4 Ultra pixel</div>\r\n</li>\r\n<li class="g6059"><span>CPU:</span>\r\n<div><a href="https://www.thegioididong.com/hoi-dap/tim-hieu-ve-soc-mediatek-6795-632566" target="_blank">MT6795 (Helio x10) 8 nh&acirc;n 64-bit</a></div>\r\n</li>\r\n<li class="g50"><span>RAM:</span>\r\n<div>3 GB</div>\r\n</li>\r\n<li class="g49"><span>Bộ nhớ trong:</span>\r\n<div>32 GB</div>\r\n</li>\r\n<li class="g52"><span>Thẻ nhớ:</span>\r\n<div>MicroSD, hỗ trợ tối đa 2 TB</div>\r\n</li>\r\n<li class="g6339"><span>Thẻ SIM:</span>\r\n<div><span>2 Nano SIM, hỗ trợ 4G</span></div>\r\n</li>\r\n<li class="g84"><span>Dung lượng pin:</span>\r\n<div>2840 mAh</div>\r\n</li>\r\n</ul>', 6, 51, 10, '12 tháng'),
(56, 'Điện thoại HTC One A9s', 'uploads/20170524080235htc-one-a9s-2-400x460.png', 5490000, '<ul class="parameter">\r\n<li class="g6459_79_77"><span>M&agrave;n h&igrave;nh:</span>\r\n<div><a href="https://www.thegioididong.com/hoi-dap/man-hinh-super-lcd-la-gi-905749" target="_blank">Super LCD</a>, 5",&nbsp;<a href="https://www.thegioididong.com/tin-tuc/do-phan-giai-man-hinh-qhd-hd-fullhd-2k-4k-la-gi--592178#hd" target="_blank">HD</a></div>\r\n</li>\r\n<li class="g72"><span>Hệ điều h&agrave;nh:</span>\r\n<div><a href="https://www.thegioididong.com/hoi-dap/android-6-marshmallow-co-gi-hot-726146" target="_blank">Android 6.0 (Marshmallow)</a></div>\r\n</li>\r\n<li class="g27"><span>Camera sau:</span>\r\n<div>13 MP</div>\r\n</li>\r\n<li class="g29"><span>Camera trước:</span>\r\n<div>5 MP</div>\r\n</li>\r\n<li class="g6059"><span>CPU:</span>\r\n<div><a href="https://www.thegioididong.com/hoi-dap/mediatek-helio-p10-839964" target="_blank">MTK Helio P10 8 nh&acirc;n 64-bit</a></div>\r\n</li>\r\n<li class="g50"><span>RAM:</span>\r\n<div>2 GB</div>\r\n</li>\r\n<li class="g49"><span>Bộ nhớ trong:</span>\r\n<div>16 GB</div>\r\n</li>\r\n<li class="g52"><span>Thẻ nhớ:</span>\r\n<div>MicroSD, hỗ trợ tối đa 2 TB</div>\r\n</li>\r\n<li class="g6339"><span>Thẻ SIM:</span>\r\n<div><span><a href="https://www.thegioididong.com/tin-tuc/tim-hieu-cac-loai-sim-thong-dung-sim-thuong-micro--590216#nanosim" target="_blank">1 Nano SIM</a>, hỗ trợ 4G</span></div>\r\n</li>\r\n<li class="g84"><span>Dung lượng pin:</span>\r\n<div>2300 mAh</div>\r\n</li>\r\n</ul>', 6, 52, 10, '12 tháng'),
(57, 'Điện thoại HTC One E9 Dual', 'uploads/20170524080425htc-one-e9-dual-2-400x460.png', 4690000, '<ul class="parameter">\r\n<li class="g6459_79_77"><span>M&agrave;n h&igrave;nh:</span>\r\n<div><a href="https://www.thegioididong.com/tin-tuc/loai-man-hinh-tft-lcd-amoled-la-gi--592346#superlcd" target="_blank">Super LCD 3</a>, 5.5",&nbsp;<a href="https://www.thegioididong.com/tin-tuc/do-phan-giai-man-hinh-qhd-hd-fullhd-2k-4k-la-gi--592178#fullhd" target="_blank">Full HD</a></div>\r\n</li>\r\n<li class="g72"><span>Hệ điều h&agrave;nh:</span>\r\n<div><a href="https://www.thegioididong.com/tin-tuc/he-dieu-hanh-android-qua-cac-phien-ban-cap-nhat-592544#android50" target="_blank">Android 5.0 (Lollipop)</a></div>\r\n</li>\r\n<li class="g27"><span>Camera sau:</span>\r\n<div>13 MP</div>\r\n</li>\r\n<li class="g29"><span>Camera trước:</span>\r\n<div>4 Ultra pixel</div>\r\n</li>\r\n<li class="g6059"><span>CPU:</span>\r\n<div><a href="https://www.thegioididong.com/hoi-dap/tim-hieu-ve-soc-mediatek-6795-632566" target="_blank">MT6795 (Helio x10) 8 nh&acirc;n 64-bit</a></div>\r\n</li>\r\n<li class="g50"><span>RAM:</span>\r\n<div>2 GB</div>\r\n</li>\r\n<li class="g49"><span>Bộ nhớ trong:</span>\r\n<div>16 GB</div>\r\n</li>\r\n<li class="g52"><span>Thẻ nhớ:</span>\r\n<div>MicroSD, hỗ trợ tối đa 2 TB</div>\r\n</li>\r\n<li class="g6339"><span>Thẻ SIM:</span>\r\n<div><span>2 Nano SIM, hỗ trợ 4G</span></div>\r\n</li>\r\n<li class="g84"><span>Dung lượng pin:</span>\r\n<div>2800 mAh</div>\r\n</li>\r\n</ul>', 6, 53, 10, '12 tháng'),
(58, 'Điện thoại HTC Desire 628', 'uploads/20170524080725htc-desire-628-2-400x460.png', 3890000, '<ul class="parameter">\r\n<li class="g6459_79_77"><span>M&agrave;n h&igrave;nh:</span>\r\n<div><a href="https://www.thegioididong.com/hoi-dap/man-hinh-lcd-la-gi-905573" target="_blank">LCD</a>, 5",&nbsp;<a href="https://www.thegioididong.com/tin-tuc/do-phan-giai-man-hinh-qhd-hd-fullhd-2k-4k-la-gi--592178#hd" target="_blank">HD</a></div>\r\n</li>\r\n<li class="g72"><span>Hệ điều h&agrave;nh:</span>\r\n<div><a href="https://www.thegioididong.com/hoi-dap/android-51-co-thay-doi-gi-moi-658189" target="_blank">Android 5.1 (Lollipop)</a></div>\r\n</li>\r\n<li class="g27"><span>Camera sau:</span>\r\n<div>13 MP</div>\r\n</li>\r\n<li class="g29"><span>Camera trước:</span>\r\n<div>5 MP</div>\r\n</li>\r\n<li class="g6059"><span>CPU:</span>\r\n<div><a href="https://www.thegioididong.com/hoi-dap/mtk-6753-va-mali-t720-766752" target="_blank">MTK6753 8 nh&acirc;n 64-bit</a></div>\r\n</li>\r\n<li class="g50"><span>RAM:</span>\r\n<div>3 GB</div>\r\n</li>\r\n<li class="g49"><span>Bộ nhớ trong:</span>\r\n<div>32 GB</div>\r\n</li>\r\n<li class="g60_6339"><span>Thẻ SIM:</span>\r\n<div><span>2 Nano SIM, hỗ trợ 4G</span></div>\r\n</li>\r\n<li class="g84"><span>Dung lượng pin:</span>\r\n<div>2200 mAh</div>\r\n</li>\r\n</ul>', 6, 54, 10, '12 tháng'),
(59, 'Điện thoại HTC Desire 728G LTE', 'uploads/20170524080854htc-desire-728g-lte-400-400x400.png', 3690000, '<ul class="parameter">\r\n<li class="g6459_79_77"><span>M&agrave;n h&igrave;nh:</span>\r\n<div><a href="https://www.thegioididong.com/tin-tuc/loai-man-hinh-tft-lcd-amoled-la-gi--592346#superlcd" target="_blank">Super LCD 2</a>, 5.5",&nbsp;<a href="https://www.thegioididong.com/tin-tuc/do-phan-giai-man-hinh-qhd-hd-fullhd-2k-4k-la-gi--592178#hd" target="_blank">HD</a></div>\r\n</li>\r\n<li class="g72"><span>Hệ điều h&agrave;nh:</span>\r\n<div><a href="https://www.thegioididong.com/hoi-dap/android-51-co-thay-doi-gi-moi-658189" target="_blank">Android 5.1 (Lollipop)</a></div>\r\n</li>\r\n<li class="g27"><span>Camera sau:</span>\r\n<div>13 MP</div>\r\n</li>\r\n<li class="g29"><span>Camera trước:</span>\r\n<div>5 MP</div>\r\n</li>\r\n<li class="g6059"><span>CPU:</span>\r\n<div><a href="https://www.thegioididong.com/hoi-dap/mtk-6753-va-mali-t720-766752" target="_blank">MTK6753 8 nh&acirc;n 64-bit</a></div>\r\n</li>\r\n<li class="g50"><span>RAM:</span>\r\n<div>2 GB</div>\r\n</li>\r\n<li class="g49"><span>Bộ nhớ trong:</span>\r\n<div>16 GB</div>\r\n</li>\r\n<li class="g52"><span>Thẻ nhớ:</span>\r\n<div>MicroSD, hỗ trợ tối đa 2 TB</div>\r\n</li>\r\n<li class="g6339"><span>Thẻ SIM:</span>\r\n<div><span>2 Nano SIM, hỗ trợ 4G</span></div>\r\n</li>\r\n<li class="g84"><span>Dung lượng pin:</span>\r\n<div>2800 mAh</div>\r\n</li>\r\n</ul>', 6, 55, 10, '12 tháng'),
(60, 'Điện thoại HTC Desire 630', 'uploads/20170524080955htc-desire-630-hero-400x460.png', 3190000, '<ul class="parameter">\r\n<li class="g6459_79_77"><span>M&agrave;n h&igrave;nh:</span>\r\n<div><a href="https://www.thegioididong.com/hoi-dap/man-hinh-tft-lcd-la-gi-905743" target="_blank">TFT</a>, 5",&nbsp;<a href="https://www.thegioididong.com/tin-tuc/do-phan-giai-man-hinh-qhd-hd-fullhd-2k-4k-la-gi--592178#hd" target="_blank">HD</a></div>\r\n</li>\r\n<li class="g72"><span>Hệ điều h&agrave;nh:</span>\r\n<div><a href="https://www.thegioididong.com/hoi-dap/android-6-marshmallow-co-gi-hot-726146" target="_blank">Android 6.0 (Marshmallow)</a></div>\r\n</li>\r\n<li class="g27"><span>Camera sau:</span>\r\n<div>13 MP</div>\r\n</li>\r\n<li class="g29"><span>Camera trước:</span>\r\n<div>5 MP</div>\r\n</li>\r\n<li class="g6059"><span>CPU:</span>\r\n<div><a href="https://www.thegioididong.com/tin-tuc/tim-hieu-vi-xu-ly-di-dong-arm-va-qualcomm-snapdrag-592769#snapdragon400" target="_blank">Qualcomm Snapdragon 400 4 nh&acirc;n 32-bit</a></div>\r\n</li>\r\n<li class="g50"><span>RAM:</span>\r\n<div>2 GB</div>\r\n</li>\r\n<li class="g49"><span>Bộ nhớ trong:</span>\r\n<div>16 GB</div>\r\n</li>\r\n<li class="g52"><span>Thẻ nhớ:</span>\r\n<div>MicroSD, hỗ trợ tối đa 200 GB</div>\r\n</li>\r\n<li class="g6339"><span>Thẻ SIM:</span>\r\n<div>2 Nano SIM</div>\r\n</li>\r\n<li class="g84"><span>Dung lượng pin:</span>\r\n<div>2200 mAh</div>\r\n</li>\r\n</ul>', 6, 56, 9, '12 tháng'),
(61, 'Điện thoại HTC Desire 728G', 'uploads/20170524081141htc-desire-728g-lte-400-400x400.png', 3090000, '<ul class="parameter">\r\n<li class="g6459_79_77"><span>M&agrave;n h&igrave;nh:</span>\r\n<div><a href="https://www.thegioididong.com/tin-tuc/loai-man-hinh-tft-lcd-amoled-la-gi--592346#superlcd" target="_blank">Super LCD 2</a>, 5.5",&nbsp;<a href="https://www.thegioididong.com/tin-tuc/do-phan-giai-man-hinh-qhd-hd-fullhd-2k-4k-la-gi--592178#hd" target="_blank">HD</a></div>\r\n</li>\r\n<li class="g72"><span>Hệ điều h&agrave;nh:</span>\r\n<div><a href="https://www.thegioididong.com/hoi-dap/android-51-co-thay-doi-gi-moi-658189" target="_blank">Android 5.1 (Lollipop)</a></div>\r\n</li>\r\n<li class="g27"><span>Camera sau:</span>\r\n<div>13 MP</div>\r\n</li>\r\n<li class="g29"><span>Camera trước:</span>\r\n<div>5 MP</div>\r\n</li>\r\n<li class="g6059"><span>CPU:</span>\r\n<div><a href="https://www.thegioididong.com/hoi-dap/mtk-6753-va-mali-t720-766752" target="_blank">MTK6753 8 nh&acirc;n 64-bit</a></div>\r\n</li>\r\n<li class="g50"><span>RAM:</span>\r\n<div>1.5 GB</div>\r\n</li>\r\n<li class="g49"><span>Bộ nhớ trong:</span>\r\n<div>16 GB</div>\r\n</li>\r\n<li class="g52"><span>Thẻ nhớ:</span>\r\n<div>MicroSD, hỗ trợ tối đa 2 TB</div>\r\n</li>\r\n<li class="g6339"><span>Thẻ SIM:</span>\r\n<div>2 Nano SIM</div>\r\n</li>\r\n<li class="g84"><span>Dung lượng pin:</span>\r\n<div>2800 mAh</div>\r\n</li>\r\n</ul>', 6, 57, 10, '12 tháng'),
(62, 'Điện thoại HTC Desire 820G+', 'uploads/20170524081331htc-desire-820g-global-sketchfab-white-gray-443x425.png', 2890000, '<ul class="parameter">\r\n<li class="g6459_79_77"><span>M&agrave;n h&igrave;nh:</span>\r\n<div><a href="https://www.thegioididong.com/tin-tuc/loai-man-hinh-tft-lcd-amoled-la-gi--592346#superlcd" target="_blank">Super LCD 3</a>, 5.5",&nbsp;<a href="https://www.thegioididong.com/tin-tuc/do-phan-giai-man-hinh-qhd-hd-fullhd-2k-4k-la-gi--592178#hd" target="_blank">HD</a></div>\r\n</li>\r\n<li class="g72"><span>Hệ điều h&agrave;nh:</span>\r\n<div><a href="https://www.thegioididong.com/tin-tuc/he-dieu-hanh-android-qua-cac-phien-ban-cap-nhat-592544#android44" target="_blank">Android 4.4 (KitKat)</a></div>\r\n</li>\r\n<li class="g27"><span>Camera sau:</span>\r\n<div>13 MP</div>\r\n</li>\r\n<li class="g29"><span>Camera trước:</span>\r\n<div>8 MP</div>\r\n</li>\r\n<li class="g6059"><span>CPU:</span>\r\n<div><a href="https://www.thegioididong.com/tin-tuc/tim-hieu-vi-xu-ly-tren-di-dong-chip-mediatek-592855#mt6592" target="_blank">MT6592 8 nh&acirc;n 32-bit</a></div>\r\n</li>\r\n<li class="g50"><span>RAM:</span>\r\n<div>1 GB</div>\r\n</li>\r\n<li class="g49"><span>Bộ nhớ trong:</span>\r\n<div>16 GB</div>\r\n</li>\r\n<li class="g52"><span>Thẻ nhớ:</span>\r\n<div>MicroSD, hỗ trợ tối đa 32 GB</div>\r\n</li>\r\n<li class="g6339"><span>Thẻ SIM:</span>\r\n<div>2 Nano SIM</div>\r\n</li>\r\n<li class="g84"><span>Dung lượng pin:</span>\r\n<div>2600 mAh</div>\r\n</li>\r\n</ul>', 6, 59, 9, '12 tháng'),
(63, 'Điện thoại HTC DESIRE 626G', 'uploads/20170524081541htc-desire-626g-2-400x460.png', 2790000, '<ul class="parameter">\r\n<li class="g6459_79_77"><span>M&agrave;n h&igrave;nh:</span>\r\n<div><a href="https://www.thegioididong.com/tin-tuc/loai-man-hinh-tft-lcd-amoled-la-gi--592346#superlcd" target="_blank">Super LCD 2</a>, 5",&nbsp;<a href="https://www.thegioididong.com/tin-tuc/do-phan-giai-man-hinh-qhd-hd-fullhd-2k-4k-la-gi--592178#hd" target="_blank">HD</a></div>\r\n</li>\r\n<li class="g72"><span>Hệ điều h&agrave;nh:</span>\r\n<div><a href="https://www.thegioididong.com/tin-tuc/he-dieu-hanh-android-qua-cac-phien-ban-cap-nhat-592544#android44" target="_blank">Android 4.4 (KitKat)</a></div>\r\n</li>\r\n<li class="g27"><span>Camera sau:</span>\r\n<div>13 MP</div>\r\n</li>\r\n<li class="g29"><span>Camera trước:</span>\r\n<div>5 MP</div>\r\n</li>\r\n<li class="g6059"><span>CPU:</span>\r\n<div><a href="https://www.thegioididong.com/hoi-dap/mtk-6592-va-mtk-6580-772768#6592" target="_blank">MTK 6592 8 nh&acirc;n 32-bit</a></div>\r\n</li>\r\n<li class="g50"><span>RAM:</span>\r\n<div>1 GB</div>\r\n</li>\r\n<li class="g49"><span>Bộ nhớ trong:</span>\r\n<div>8 GB</div>\r\n</li>\r\n<li class="g52"><span>Thẻ nhớ:</span>\r\n<div>MicroSD, hỗ trợ tối đa 32 GB</div>\r\n</li>\r\n<li class="g6339"><span>Thẻ SIM:</span>\r\n<div>2 Nano SIM</div>\r\n</li>\r\n<li class="g84"><span>Dung lượng pin:</span>\r\n<div>2000 mAh</div>\r\n</li>\r\n</ul>', 6, 60, 10, '12 tháng'),
(64, 'Điện thoại Sony Xperia XZs', 'uploads/20170524082042sony-xperia-xzs-400x460.png', 14990000, '<ul class="parameter">\r\n<li class="g6459_79_77"><span>M&agrave;n h&igrave;nh:</span>\r\n<div><a href="https://www.thegioididong.com/hoi-dap/man-hinh-ips-lcd-la-gi-905752" target="_blank">IPS LCD</a>, 5.2",&nbsp;<a href="https://www.thegioididong.com/tin-tuc/do-phan-giai-man-hinh-qhd-hd-fullhd-2k-4k-la-gi--592178#fullhd" target="_blank">Full HD</a></div>\r\n</li>\r\n<li class="g72"><span>Hệ điều h&agrave;nh:</span>\r\n<div>Android 7.0</div>\r\n</li>\r\n<li class="g27"><span>Camera sau:</span>\r\n<div>19 MP</div>\r\n</li>\r\n<li class="g29"><span>Camera trước:</span>\r\n<div>13 MP</div>\r\n</li>\r\n<li class="g6059"><span>CPU:</span>\r\n<div><a href="https://www.thegioididong.com/hoi-dap/qualcomm-snapdragon-820-763732" target="_blank">Snapdragon 820 4 nh&acirc;n 64-bit</a></div>\r\n</li>\r\n<li class="g50"><span>RAM:</span>\r\n<div>4 GB</div>\r\n</li>\r\n<li class="g49"><span>Bộ nhớ trong:</span>\r\n<div>64 GB</div>\r\n</li>\r\n<li class="g52"><span>Thẻ nhớ:</span>\r\n<div>MicroSD, hỗ trợ tối đa 256 GB</div>\r\n</li>\r\n<li class="g6339"><span>Thẻ SIM:</span>\r\n<div><span>2 Nano SIM, hỗ trợ 4G</span></div>\r\n</li>\r\n<li class="g84"><span>Dung lượng pin:</span>\r\n<div><span>2900 mAh, c&oacute; sạc nhanh</span></div>\r\n</li>\r\n</ul>', 12, 61, 10, '12 tháng'),
(65, 'Điện thoại Sony Xperia XZ', 'uploads/20170524082301sony-xperia-xz-1-400x460.png', 12990000, '<ul class="parameter">\r\n<li class="g6459_79_77"><span>M&agrave;n h&igrave;nh:</span>\r\n<div><a href="https://www.thegioididong.com/hoi-dap/cong-nghe-man-hinh-triluminos-la-gi-901357" target="_blank">TRILUMINOS&trade;</a>, 5.2",&nbsp;<a href="https://www.thegioididong.com/tin-tuc/do-phan-giai-man-hinh-qhd-hd-fullhd-2k-4k-la-gi--592178#fullhd" target="_blank">Full HD</a></div>\r\n</li>\r\n<li class="g72"><span>Hệ điều h&agrave;nh:</span>\r\n<div>Android 7.0</div>\r\n</li>\r\n<li class="g27"><span>Camera sau:</span>\r\n<div>23 MP</div>\r\n</li>\r\n<li class="g29"><span>Camera trước:</span>\r\n<div>13 MP</div>\r\n</li>\r\n<li class="g6059"><span>CPU:</span>\r\n<div><a href="https://www.thegioididong.com/hoi-dap/qualcomm-snapdragon-820-763732" target="_blank">Snapdragon 820 4 nh&acirc;n 64-bit</a></div>\r\n</li>\r\n<li class="g50"><span>RAM:</span>\r\n<div>3 GB</div>\r\n</li>\r\n<li class="g49"><span>Bộ nhớ trong:</span>\r\n<div>64 GB</div>\r\n</li>\r\n<li class="g52"><span>Thẻ nhớ:</span>\r\n<div>MicroSD, hỗ trợ tối đa 256 GB</div>\r\n</li>\r\n<li class="g6339"><span>Thẻ SIM:</span>\r\n<div><span>2 SIM Nano (SIM 2 chung khe thẻ nhớ), hỗ trợ 4G</span></div>\r\n</li>\r\n<li class="g84"><span>Dung lượng pin:</span>\r\n<div><span>2900 mAh, c&oacute; sạc nhanh</span></div>\r\n</li>\r\n</ul>', 12, 62, 10, '12 tháng'),
(66, 'Điện thoại Sony XA1 Ultra', 'uploads/20170524082402sony-xa1-ultra-400x460.png', 8990000, '<ul class="parameter">\r\n<li class="g6459_79_77"><span>M&agrave;n h&igrave;nh:</span>\r\n<div><a href="https://www.thegioididong.com/hoi-dap/man-hinh-ips-lcd-la-gi-905752" target="_blank">IPS LCD</a>, 6",&nbsp;<a href="https://www.thegioididong.com/tin-tuc/do-phan-giai-man-hinh-qhd-hd-fullhd-2k-4k-la-gi--592178#fullhd" target="_blank">Full HD</a></div>\r\n</li>\r\n<li class="g72"><span>Hệ điều h&agrave;nh:</span>\r\n<div><a href="https://www.thegioididong.com/tin-tuc/10-tinh-nang-tuyet-voi-tren-android-7-0-se-khien-ban-phat-cuong-phan-1--931000" target="_blank">Android 7.0</a></div>\r\n</li>\r\n<li class="g27"><span>Camera sau:</span>\r\n<div>23 MP</div>\r\n</li>\r\n<li class="g29"><span>Camera trước:</span>\r\n<div>16 MP</div>\r\n</li>\r\n<li class="g6059"><span>CPU:</span>\r\n<div><a href="https://www.thegioididong.com/hoi-dap/mediatek-helio-p20-842189" target="_blank">Mediatek Helio P20</a></div>\r\n</li>\r\n<li class="g50"><span>RAM:</span>\r\n<div>4 GB</div>\r\n</li>\r\n<li class="g49"><span>Bộ nhớ trong:</span>\r\n<div>64 GB</div>\r\n</li>\r\n<li class="g6339"><span>Thẻ SIM:</span>\r\n<div><span><a href="https://www.thegioididong.com/tin-tuc/tim-hieu-cac-loai-sim-thong-dung-sim-thuong-micro--590216#nanosim" target="_blank">1 Nano SIM</a>, hỗ trợ 4G</span></div>\r\n</li>\r\n</ul>', 12, 63, 10, '12 tháng'),
(67, 'Điện thoại Sony Xperia XA Ultra', 'uploads/20170524082527sony-xperia-x-1-400x460.png', 7990000, '<ul class="parameter">\r\n<li class="g6459_79_77"><span>M&agrave;n h&igrave;nh:</span>\r\n<div><a href="https://www.thegioididong.com/hoi-dap/man-hinh-ips-lcd-la-gi-905752" target="_blank">IPS LCD</a>, 5",&nbsp;<a href="https://www.thegioididong.com/tin-tuc/do-phan-giai-man-hinh-qhd-hd-fullhd-2k-4k-la-gi--592178#fullhd" target="_blank">Full HD</a></div>\r\n</li>\r\n<li class="g72"><span>Hệ điều h&agrave;nh:</span>\r\n<div><a href="https://www.thegioididong.com/hoi-dap/android-6-marshmallow-co-gi-hot-726146" target="_blank">Android 6.0 (Marshmallow)</a></div>\r\n</li>\r\n<li class="g27"><span>Camera sau:</span>\r\n<div>23 MP</div>\r\n</li>\r\n<li class="g29"><span>Camera trước:</span>\r\n<div>13 MP</div>\r\n</li>\r\n<li class="g6059"><span>CPU:</span>\r\n<div><a href="https://www.thegioididong.com/hoi-dap/qualcomm-snapdragon-650-844726" target="_blank">Snapdragon 650 6 nh&acirc;n 64-bit</a></div>\r\n</li>\r\n<li class="g50"><span>RAM:</span>\r\n<div>3 GB</div>\r\n</li>\r\n<li class="g49"><span>Bộ nhớ trong:</span>\r\n<div>64 GB</div>\r\n</li>\r\n<li class="g52"><span>Thẻ nhớ:</span>\r\n<div>MicroSD, hỗ trợ tối đa 256 GB</div>\r\n</li>\r\n<li class="g6339"><span>Thẻ SIM:</span>\r\n<div><span>2 Nano SIM, hỗ trợ 4G</span></div>\r\n</li>\r\n<li class="g84"><span>Dung lượng pin:</span>\r\n<div>2620 mAh</div>\r\n</li>\r\n</ul>', 12, 64, 10, '12 tháng'),
(69, 'Điện thoại Sony Xperia XA1', 'uploads/20170524082745sony-xperia-xa1-400x460.png', 6490000, '<ul class="parameter">\r\n<li class="g6459_79_77"><span>M&agrave;n h&igrave;nh:</span>\r\n<div><a href="https://www.thegioididong.com/hoi-dap/man-hinh-ips-lcd-la-gi-905752" target="_blank">IPS LCD</a>, 5",&nbsp;<a href="https://www.thegioididong.com/tin-tuc/do-phan-giai-man-hinh-qhd-hd-fullhd-2k-4k-la-gi--592178#hd" target="_blank">HD</a></div>\r\n</li>\r\n<li class="g72"><span>Hệ điều h&agrave;nh:</span>\r\n<div>Android 7.0</div>\r\n</li>\r\n<li class="g27"><span>Camera sau:</span>\r\n<div>23 MP</div>\r\n</li>\r\n<li class="g29"><span>Camera trước:</span>\r\n<div>8 MP</div>\r\n</li>\r\n<li class="g6059"><span>CPU:</span>\r\n<div><a href="https://www.thegioididong.com/hoi-dap/mediatek-helio-p20-842189" target="_blank">Mediatek Helio P20</a></div>\r\n</li>\r\n<li class="g50"><span>RAM:</span>\r\n<div>3 GB</div>\r\n</li>\r\n<li class="g49"><span>Bộ nhớ trong:</span>\r\n<div>32 GB</div>\r\n</li>\r\n<li class="g60_6339"><span>Thẻ SIM:</span>\r\n<div><span>2 Nano SIM, hỗ trợ 4G</span></div>\r\n</li>\r\n<li class="g84"><span>Dung lượng pin:</span>\r\n<div><span>2300 mAh, c&oacute; sạc nhanh</span></div>\r\n</li>\r\n</ul>', 12, 66, 10, '12 tháng'),
(71, 'Điện thoại Sony Xperia XA', 'uploads/20170524082936sony-xperia-xa-400x460-400x460.png', 4490000, '<ul class="parameter">\r\n<li class="g6459_79_77"><span>M&agrave;n h&igrave;nh:</span>\r\n<div><a href="https://www.thegioididong.com/hoi-dap/man-hinh-ips-lcd-la-gi-905752" target="_blank">IPS LCD</a>, 5",&nbsp;<a href="https://www.thegioididong.com/tin-tuc/do-phan-giai-man-hinh-qhd-hd-fullhd-2k-4k-la-gi--592178#hd" target="_blank">HD</a></div>\r\n</li>\r\n<li class="g72"><span>Hệ điều h&agrave;nh:</span>\r\n<div><a href="https://www.thegioididong.com/hoi-dap/android-6-marshmallow-co-gi-hot-726146" target="_blank">Android 6.0 (Marshmallow)</a></div>\r\n</li>\r\n<li class="g27"><span>Camera sau:</span>\r\n<div>13 MP</div>\r\n</li>\r\n<li class="g29"><span>Camera trước:</span>\r\n<div>8 MP</div>\r\n</li>\r\n<li class="g6059"><span>CPU:</span>\r\n<div><a href="https://www.thegioididong.com/hoi-dap/mediatek-helio-p10-839964" target="_blank">Helio P10 8 nh&acirc;n 64-bit</a></div>\r\n</li>\r\n<li class="g50"><span>RAM:</span>\r\n<div>2 GB</div>\r\n</li>\r\n<li class="g49"><span>Bộ nhớ trong:</span>\r\n<div>16 GB</div>\r\n</li>\r\n<li class="g52"><span>Thẻ nhớ:</span>\r\n<div>MicroSD, hỗ trợ tối đa 200 GB</div>\r\n</li>\r\n<li class="g6339"><span>Thẻ SIM:</span>\r\n<div><span>2 Nano SIM, hỗ trợ 4G</span></div>\r\n</li>\r\n<li class="g84"><span>Dung lượng pin:</span>\r\n<div>2300 mAh</div>\r\n</li>\r\n</ul>', 12, 68, 10, '12 tháng'),
(72, 'Điện thoại Nokia 230', 'uploads/20170524083436nokia-230-1-400x460.png', 1390000, '<ul class="parameter">\r\n<li class="g6459_79_6239"><span>M&agrave;n h&igrave;nh:</span>\r\n<div><a href="https://www.thegioididong.com/hoi-dap/man-hinh-tft-lcd-la-gi-905743" target="_blank">TFT</a>, 2.8", 65.536 m&agrave;u</div>\r\n</li>\r\n<li class="g54"><span>Danh bạ:</span>\r\n<div>1000 số</div>\r\n</li>\r\n<li class="g52"><span>Thẻ nhớ ngo&agrave;i:</span>\r\n<div>MicroSD, hỗ trợ tối đa 32 GB</div>\r\n</li>\r\n<li class="g27"><span>Camera:</span>\r\n<div>2 MP</div>\r\n</li>\r\n<li class="g48"><span>Jack cắm tai nghe:</span>\r\n<div>3.5 mm</div>\r\n</li>\r\n<li class="g34"><span>Radio FM:</span>\r\n<div>C&oacute;</div>\r\n</li>\r\n<li class="g84"><span>Dung lượng pin:</span>\r\n<div>1200 mAh</div>\r\n</li>\r\n</ul>', 14, 69, 8, '12 tháng');
INSERT INTO `sp` (`id_sp`, `tensp`, `hinhanh`, `gia`, `mota`, `id_loaisp`, `thutu`, `soluong`, `baohanh`) VALUES
(73, 'Điện thoại Nokia 3310', 'uploads/20170524083544nokia-3310-2017-1-400x460-400x460.png', 1060000, '<ul class="parameter">\r\n<li class="g6459_79_6239"><span>M&agrave;n h&igrave;nh:</span>\r\n<div><a href="https://www.thegioididong.com/hoi-dap/man-hinh-tft-lcd-la-gi-905743" target="_blank">TFT</a>, 2.4", 65.536 m&agrave;u</div>\r\n</li>\r\n<li class="g54"><span>Danh bạ:</span>\r\n<div>2000 số</div>\r\n</li>\r\n<li class="g52"><span>Thẻ nhớ ngo&agrave;i:</span>\r\n<div>MicroSD, hỗ trợ tối đa 32 GB</div>\r\n</li>\r\n<li class="g27"><span>Camera:</span>\r\n<div>2 MP</div>\r\n</li>\r\n<li class="g48"><span>Jack cắm tai nghe:</span>\r\n<div>3.5 mm</div>\r\n</li>\r\n<li class="g34"><span>Radio FM:</span>\r\n<div>C&oacute;</div>\r\n</li>\r\n<li class="g84"><span>Dung lượng pin:</span>\r\n<div>1200 mAh</div>\r\n</li>\r\n</ul>', 14, 70, 10, '12 tháng'),
(74, 'Điện thoại Nokia 222', 'uploads/20170524083650nokia-222-dual-sim-400x460.png', 950000, '<ul class="parameter">\r\n<li class="g6459_79_6239"><span>M&agrave;n h&igrave;nh:</span>\r\n<div><a href="https://www.thegioididong.com/hoi-dap/man-hinh-tft-lcd-la-gi-905743" target="_blank">TFT</a>, 2.4", 256.000 m&agrave;u</div>\r\n</li>\r\n<li class="g54"><span>Danh bạ:</span>\r\n<div>1000 số</div>\r\n</li>\r\n<li class="g52"><span>Thẻ nhớ ngo&agrave;i:</span>\r\n<div>MicroSD, hỗ trợ tối đa 32 GB</div>\r\n</li>\r\n<li class="g27"><span>Camera:</span>\r\n<div>2 MP</div>\r\n</li>\r\n<li class="g48"><span>Jack cắm tai nghe:</span>\r\n<div>3.5 mm</div>\r\n</li>\r\n<li class="g34"><span>Radio FM:</span>\r\n<div>C&oacute;</div>\r\n</li>\r\n<li class="g84"><span>Dung lượng pin:</span>\r\n<div>1100 mAh</div>\r\n</li>\r\n</ul>', 14, 71, 7, '12 tháng'),
(75, 'Điện thoại Nokia 216', 'uploads/20170524083740nokia-216-400x460.png', 820000, '<ul class="parameter">\r\n<li class="g6459_79_6239"><span>M&agrave;n h&igrave;nh:</span>\r\n<div><a href="https://www.thegioididong.com/hoi-dap/man-hinh-tft-lcd-la-gi-905743" target="_blank">TFT</a>, 2.4", 65.536 m&agrave;u</div>\r\n</li>\r\n<li class="g54"><span>Danh bạ:</span>\r\n<div>2000 số</div>\r\n</li>\r\n<li class="g52"><span>Thẻ nhớ ngo&agrave;i:</span>\r\n<div>MicroSD, hỗ trợ tối đa 32 GB</div>\r\n</li>\r\n<li class="g27"><span>Camera:</span>\r\n<div>VGA (480 x 640 pixels)</div>\r\n</li>\r\n<li class="g48"><span>Jack cắm tai nghe:</span>\r\n<div>3.5 mm</div>\r\n</li>\r\n<li class="g34"><span>Radio FM:</span>\r\n<div>C&oacute;</div>\r\n</li>\r\n<li class="g84"><span>Dung lượng pin:</span>\r\n<div>1020 mAh</div>\r\n</li>\r\n</ul>', 14, 72, 10, '12 tháng'),
(76, 'Điện thoại Xiaomi Mi MIX (6GB/256GB)', 'uploads/20170524083845xiaomi-mi-mix-2-400x460.png', 16990000, '<ul class="parameter">\r\n<li class="g6459_79_77"><span>M&agrave;n h&igrave;nh:</span>\r\n<div><a href="https://www.thegioididong.com/hoi-dap/man-hinh-ips-lcd-la-gi-905752" target="_blank">IPS LCD</a>, 6.4",&nbsp;<a href="https://www.thegioididong.com/tin-tuc/do-phan-giai-man-hinh-qhd-hd-fullhd-2k-4k-la-gi--592178#fullhd" target="_blank">Full HD</a></div>\r\n</li>\r\n<li class="g72"><span>Hệ điều h&agrave;nh:</span>\r\n<div><a href="https://www.thegioididong.com/hoi-dap/android-6-marshmallow-co-gi-hot-726146" target="_blank">Android 6.0 (Marshmallow)</a></div>\r\n</li>\r\n<li class="g27"><span>Camera sau:</span>\r\n<div>16 MP</div>\r\n</li>\r\n<li class="g29"><span>Camera trước:</span>\r\n<div>5 MP</div>\r\n</li>\r\n<li class="g6059"><span>CPU:</span>\r\n<div><a href="https://www.thegioididong.com/tin-tuc/qualcomm-ra-mat-snapdragon-821-nhanh-hon-10-snapdragon-820-854763" target="_blank">Qualcomm Snapdragon 821 4 nh&acirc;n 64-bit</a></div>\r\n</li>\r\n<li class="g50"><span>RAM:</span>\r\n<div>6 GB</div>\r\n</li>\r\n<li class="g49"><span>Bộ nhớ trong:</span>\r\n<div>256 GB</div>\r\n</li>\r\n<li class="g52"><span>Thẻ nhớ:</span>\r\n<div>Kh&ocirc;ng</div>\r\n</li>\r\n<li class="g6339"><span>Thẻ SIM:</span>\r\n<div><span>2 Nano SIM, hỗ trợ 4G</span></div>\r\n</li>\r\n<li class="g84"><span>Dung lượng pin:</span>\r\n<div><span>4400 mAh, c&oacute; sạc nhanh</span></div>\r\n</li>\r\n</ul>', 15, 73, 9, '12 tháng'),
(77, 'Điện thoại Xiaomi Redmi Note 4', 'uploads/20170524083943xiaomi-redmi-note-4-400x460.png', 4690000, '<ul class="parameter">\r\n<li class="g6459_79_77"><span>M&agrave;n h&igrave;nh:</span>\r\n<div><a href="https://www.thegioididong.com/hoi-dap/man-hinh-ips-lcd-la-gi-905752" target="_blank">IPS LCD</a>, 5.5",&nbsp;<a href="https://www.thegioididong.com/tin-tuc/do-phan-giai-man-hinh-qhd-hd-fullhd-2k-4k-la-gi--592178#fullhd" target="_blank">Full HD</a></div>\r\n</li>\r\n<li class="g72"><span>Hệ điều h&agrave;nh:</span>\r\n<div><a href="https://www.thegioididong.com/hoi-dap/android-6-marshmallow-co-gi-hot-726146" target="_blank">Android 6.0 (Marshmallow)</a></div>\r\n</li>\r\n<li class="g27"><span>Camera sau:</span>\r\n<div>13 MP</div>\r\n</li>\r\n<li class="g29"><span>Camera trước:</span>\r\n<div>5 MP</div>\r\n</li>\r\n<li class="g6059"><span>CPU:</span>\r\n<div><a href="https://www.thegioididong.com/hoi-dap/qualcomm-snapdragon-625-839970" target="_blank">Snapdragon 625 8 nh&acirc;n 64-bit</a></div>\r\n</li>\r\n<li class="g50"><span>RAM:</span>\r\n<div>3 GB</div>\r\n</li>\r\n<li class="g49"><span>Bộ nhớ trong:</span>\r\n<div>32 GB</div>\r\n</li>\r\n<li class="g52"><span>Thẻ nhớ:</span>\r\n<div>MicroSD, hỗ trợ tối đa 128 GB</div>\r\n</li>\r\n<li class="g6339"><span>Thẻ SIM:</span>\r\n<div><span>Nano SIM &amp; Micro SIM (SIM 2 chung khe thẻ nhớ), hỗ trợ 4G</span></div>\r\n</li>\r\n<li class="g84"><span>Dung lượng pin:</span>\r\n<div>4100 mAh</div>\r\n</li>\r\n</ul>', 15, 74, 10, '12 tháng'),
(78, 'Điện thoại Xiaomi Redmi 4X', 'uploads/20170524084042xiaomi-redmi-4x-400-400x460.png', 3990000, '<ul class="parameter">\r\n<li class="g6459_79_77"><span>M&agrave;n h&igrave;nh:</span>\r\n<div><a href="https://www.thegioididong.com/hoi-dap/man-hinh-ips-lcd-la-gi-905752" target="_blank">IPS LCD</a>, 5",&nbsp;<a href="https://www.thegioididong.com/tin-tuc/do-phan-giai-man-hinh-qhd-hd-fullhd-2k-4k-la-gi--592178#hd" target="_blank">HD</a></div>\r\n</li>\r\n<li class="g72"><span>Hệ điều h&agrave;nh:</span>\r\n<div><a href="https://www.thegioididong.com/hoi-dap/android-6-marshmallow-co-gi-hot-726146" target="_blank">Android 6.0 (Marshmallow)</a></div>\r\n</li>\r\n<li class="g27"><span>Camera sau:</span>\r\n<div>13 MP</div>\r\n</li>\r\n<li class="g29"><span>Camera trước:</span>\r\n<div>5 MP</div>\r\n</li>\r\n<li class="g6059"><span>CPU:</span>\r\n<div>Snapdragon 435 8 nh&acirc;n</div>\r\n</li>\r\n<li class="g50"><span>RAM:</span>\r\n<div>3 GB</div>\r\n</li>\r\n<li class="g49"><span>Bộ nhớ trong:</span>\r\n<div>32 GB</div>\r\n</li>\r\n<li class="g52"><span>Thẻ nhớ:</span>\r\n<div>MicroSD, hỗ trợ tối đa 128 GB</div>\r\n</li>\r\n<li class="g6339"><span>Thẻ SIM:</span>\r\n<div><span>Nano SIM &amp; Micro SIM (SIM 2 chung khe thẻ nhớ), hỗ trợ 4G</span></div>\r\n</li>\r\n<li class="g84"><span>Dung lượng pin:</span>\r\n<div>4100 mAh</div>\r\n</li>\r\n</ul>', 15, 75, 9, '12 tháng'),
(79, 'Điện thoại Xiaomi Redmi 4a', 'uploads/20170524084205xiaomi-redmi-4a-1-400x460.png', 2990000, '<ul class="parameter">\r\n<li class="g6459_79_77"><span>M&agrave;n h&igrave;nh:</span>\r\n<div><a href="https://www.thegioididong.com/hoi-dap/man-hinh-ips-lcd-la-gi-905752" target="_blank">IPS LCD</a>, 5",&nbsp;<a href="https://www.thegioididong.com/tin-tuc/do-phan-giai-man-hinh-qhd-hd-fullhd-2k-4k-la-gi--592178#hd" target="_blank">HD</a></div>\r\n</li>\r\n<li class="g72"><span>Hệ điều h&agrave;nh:</span>\r\n<div><a href="https://www.thegioididong.com/hoi-dap/android-6-marshmallow-co-gi-hot-726146" target="_blank">Android 6.0 (Marshmallow)</a></div>\r\n</li>\r\n<li class="g27"><span>Camera sau:</span>\r\n<div>13 MP</div>\r\n</li>\r\n<li class="g29"><span>Camera trước:</span>\r\n<div>5 MP</div>\r\n</li>\r\n<li class="g6059"><span>CPU:</span>\r\n<div>Qualcomm Snapdragon 425 4 nh&acirc;n 64-bit</div>\r\n</li>\r\n<li class="g50"><span>RAM:</span>\r\n<div>2 GB</div>\r\n</li>\r\n<li class="g49"><span>Bộ nhớ trong:</span>\r\n<div>32 GB</div>\r\n</li>\r\n<li class="g52"><span>Thẻ nhớ:</span>\r\n<div>MicroSD, hỗ trợ tối đa 256 GB</div>\r\n</li>\r\n<li class="g6339"><span>Thẻ SIM:</span>\r\n<div><span>Nano SIM &amp; Micro SIM, hỗ trợ 4G</span></div>\r\n</li>\r\n<li class="g84"><span>Dung lượng pin:</span>\r\n<div>3120 mAh</div>\r\n</li>\r\n</ul>', 15, 76, 10, '6 tháng');

--
-- Indexes for dumped tables
--

--
-- Indexes for table `admin`
--
ALTER TABLE `admin`
  ADD PRIMARY KEY (`id_admin`);

--
-- Indexes for table `binhluan`
--
ALTER TABLE `binhluan`
  ADD PRIMARY KEY (`id_binhluan`);

--
-- Indexes for table `hoadonban`
--
ALTER TABLE `hoadonban`
  ADD PRIMARY KEY (`id_hdb`);

--
-- Indexes for table `khachhang`
--
ALTER TABLE `khachhang`
  ADD PRIMARY KEY (`id_khachhang`);

--
-- Indexes for table `loaisp`
--
ALTER TABLE `loaisp`
  ADD PRIMARY KEY (`id_loaisp`);

--
-- Indexes for table `sp`
--
ALTER TABLE `sp`
  ADD PRIMARY KEY (`id_sp`);

--
-- AUTO_INCREMENT for dumped tables
--

--
-- AUTO_INCREMENT for table `admin`
--
ALTER TABLE `admin`
  MODIFY `id_admin` int(100) NOT NULL AUTO_INCREMENT, AUTO_INCREMENT=2;
--
-- AUTO_INCREMENT for table `binhluan`
--
ALTER TABLE `binhluan`
  MODIFY `id_binhluan` int(10) NOT NULL AUTO_INCREMENT;
--
-- AUTO_INCREMENT for table `hoadonban`
--
ALTER TABLE `hoadonban`
  MODIFY `id_hdb` int(100) NOT NULL AUTO_INCREMENT, AUTO_INCREMENT=48;
--
-- AUTO_INCREMENT for table `khachhang`
--
ALTER TABLE `khachhang`
  MODIFY `id_khachhang` int(100) NOT NULL AUTO_INCREMENT, AUTO_INCREMENT=11;
--
-- AUTO_INCREMENT for table `loaisp`
--
ALTER TABLE `loaisp`
  MODIFY `id_loaisp` int(11) NOT NULL AUTO_INCREMENT, AUTO_INCREMENT=16;
--
-- AUTO_INCREMENT for table `sp`
--
ALTER TABLE `sp`
  MODIFY `id_sp` int(11) NOT NULL AUTO_INCREMENT, AUTO_INCREMENT=80;
/*!40101 SET CHARACTER_SET_CLIENT=@OLD_CHARACTER_SET_CLIENT */;
/*!40101 SET CHARACTER_SET_RESULTS=@OLD_CHARACTER_SET_RESULTS */;
/*!40101 SET COLLATION_CONNECTION=@OLD_COLLATION_CONNECTION */;
